pondLevel,nexusInnerLevel,nexusOuterLevel,tubLevel,waterTemp,waterState,cpuTemp,cpuFreq,storageUsed,time
71,54,33,47,19.44,0,39.55,1000.0,2.03,18:40:48
71,54,33,48,19.44,1,37.93,700.0,2.03,18:40:56
71,54,33,47,19.44,1,38.47,700.0,2.03,18:41:07
71,54,33,47,19.44,1,38.47,700.0,2.03,18:41:16
71,54,33,47,19.44,1,37.93,700.0,2.03,18:41:26
71,54,33,47,19.44,1,37.93,700.0,2.03,18:41:35
71,54,33,47,19.44,1,37.93,700.0,2.03,18:41:44
71,54,33,47,19.44,1,38.47,1000.0,2.03,18:41:52
71,54,33,47,19.44,1,38.47,700.0,2.03,18:42:03
71,54,33,47,19.44,1,37.93,700.0,2.03,18:42:12
71,54,33,47,19.44,1,37.93,700.0,2.03,18:42:20
71,54,33,47,19.44,1,37.93,700.0,2.03,18:42:29
71,54,33,47,19.44,1,37.93,700.0,2.03,18:42:40
71,54,33,47,19.44,1,37.93,700.0,2.03,18:42:48
71,54,33,47,19.44,1,37.39,700.0,2.03,18:42:57
71,54,33,47,19.44,1,37.93,700.0,2.03,18:43:06
71,54,33,47,19.44,1,38.47,700.0,2.03,18:43:18
70,54,33,47,19.44,1,38.47,700.0,2.03,18:43:27
71,54,33,47,19.44,1,37.93,700.0,2.03,18:43:36
69,54,33,47,19.44,1,37.93,700.0,2.03,18:43:44
70,54,33,47,19.44,1,37.93,1000.0,2.03,18:43:53
71,54,33,47,19.44,1,37.93,700.0,2.03,18:44:02
71,54,33,47,19.44,1,38.47,700.0,2.03,18:44:12
71,54,33,47,19.44,1,37.93,700.0,2.03,18:44:21
71,54,33,47,19.44,1,37.93,700.0,2.03,18:44:30
71,54,33,47,19.44,1,37.93,700.0,2.03,18:44:38
71,54,33,47,19.44,1,37.93,1000.0,2.03,18:44:47
71,54,33,48,19.44,1,37.93,700.0,2.03,18:44:56
71,54,33,47,19.44,1,37.39,800.0,2.03,18:45:05
71,54,33,47,19.44,1,37.93,700.0,2.03,18:45:13
71,54,33,47,19.44,1,37.93,700.0,2.03,18:45:24
71,54,33,47,19.44,1,37.39,700.0,2.03,18:45:32
71,54,33,47,19.44,1,37.93,700.0,2.03,18:45:41
70,54,33,47,19.44,1,37.93,700.0,2.03,18:45:50
70,54,34,47,19.44,1,37.39,700.0,2.03,18:45:59
71,54,33,47,19.44,1,37.93,700.0,2.03,18:46:07
71,54,33,47,19.44,1,37.93,700.0,2.03,18:46:16
71,54,33,47,19.44,1,37.93,700.0,2.03,18:46:25
71,54,33,47,19.44,1,37.93,700.0,2.03,18:46:35
70,54,33,48,19.44,1,38.47,700.0,2.03,18:46:44
71,54,33,48,19.44,1,37.93,700.0,2.03,18:46:53
71,54,33,47,19.44,1,38.47,700.0,2.03,18:47:03
71,54,33,47,19.44,1,38.47,700.0,2.03,18:47:12
71,54,33,47,19.44,1,37.93,700.0,2.03,18:47:21
71,54,33,47,19.44,1,37.93,1000.0,2.03,18:47:29
71,54,33,47,19.44,1,37.93,700.0,2.03,18:47:38
71,54,33,47,19.44,1,37.93,700.0,2.03,18:47:47
71,54,33,47,19.44,1,37.93,700.0,2.03,18:47:55
71,54,33,47,19.44,1,37.93,1000.0,2.03,18:48:04
71,54,33,47,19.44,1,37.93,700.0,2.03,18:48:13
71,54,33,47,19.44,1,37.93,700.0,2.03,18:48:22
70,54,33,47,19.38,1,37.93,700.0,2.03,18:48:30
71,54,33,47,19.44,1,38.47,700.0,2.03,18:48:39
71,54,33,47,19.44,1,37.93,700.0,2.03,18:48:48
71,54,33,47,19.44,1,38.47,700.0,2.03,18:48:58
71,54,33,47,19.44,1,37.93,700.0,2.03,18:49:07
71,54,33,47,19.44,1,37.93,700.0,2.03,18:49:15
71,54,33,47,19.44,1,37.93,700.0,2.03,18:49:24
71,54,33,47,19.44,1,37.93,700.0,2.03,18:49:33
71,54,33,47,19.44,1,37.93,700.0,2.03,18:49:41
71,54,33,47,19.44,1,37.93,700.0,2.03,18:49:52
71,54,33,47,19.44,1,37.93,700.0,2.03,18:50:00
71,54,33,48,19.44,1,37.93,700.0,2.03,18:50:09
71,54,34,47,19.44,1,36.86,700.0,2.03,18:50:18
71,54,33,47,19.44,1,37.93,700.0,2.03,18:50:28
71,54,33,47,19.44,1,37.93,700.0,2.03,18:50:37
71,54,33,47,19.44,1,37.93,700.0,2.03,18:50:48
71,54,33,47,19.44,1,37.93,700.0,2.03,18:50:57
71,54,33,47,19.44,1,38.47,1000.0,2.03,18:51:05
71,54,33,47,19.44,1,37.93,700.0,2.03,18:51:14
70,54,33,47,19.44,1,38.47,1000.0,2.03,18:51:23
71,54,34,47,19.44,1,37.93,700.0,2.03,18:51:31
71,54,33,47,19.44,1,37.93,700.0,2.03,18:51:42
71,54,33,47,19.44,1,37.93,700.0,2.03,18:51:51
71,54,33,47,19.44,1,37.93,700.0,2.03,18:51:59
71,54,33,47,19.44,1,37.93,700.0,2.03,18:52:08
71,54,33,47,19.44,1,38.47,700.0,2.03,18:52:19
71,54,33,47,19.44,1,38.47,800.0,2.03,18:52:29
71,54,33,47,19.44,1,38.47,700.0,2.03,18:52:38
71,54,33,47,19.44,1,38.47,700.0,2.03,18:52:46
71,54,33,47,19.44,1,37.93,700.0,2.03,18:52:55
71,54,34,47,19.44,1,37.93,700.0,2.03,18:53:04
71,54,33,47,19.38,1,37.93,700.0,2.03,18:53:13
71,55,33,47,19.44,1,37.93,700.0,2.03,18:53:21
71,54,33,48,19.44,1,37.93,700.0,2.03,18:53:30
70,54,33,47,19.44,1,37.93,700.0,2.03,18:53:39
70,54,34,47,19.44,1,37.93,700.0,2.03,18:53:47
71,54,33,47,19.44,1,38.47,700.0,2.03,18:53:58
71,54,33,47,19.44,1,38.47,700.0,2.03,18:54:07
71,54,33,47,19.44,1,37.93,700.0,2.03,18:54:15
71,54,33,47,19.44,1,38.47,700.0,2.03,18:54:24
70,54,33,47,19.44,1,37.93,700.0,2.03,18:54:33
71,54,33,47,19.44,1,38.47,700.0,2.03,18:54:42
71,54,33,47,19.44,1,37.39,700.0,2.03,18:54:50
71,55,33,47,19.44,1,37.93,700.0,2.03,18:54:59
71,54,33,47,19.44,1,37.93,700.0,2.03,18:55:08
71,54,33,47,19.44,1,37.93,700.0,2.03,18:55:18
71,54,33,47,19.44,1,37.93,700.0,2.03,18:55:27
71,54,33,47,19.44,1,37.93,1000.0,2.03,18:55:35
70,54,33,47,19.44,1,37.93,700.0,2.03,18:55:44
71,54,34,47,19.44,1,37.93,1000.0,2.03,18:55:53
71,54,33,47,19.44,1,37.93,700.0,2.03,18:56:02
71,54,33,47,19.44,1,37.93,700.0,2.03,18:56:12
71,54,33,47,19.44,1,37.93,700.0,2.03,18:56:21
71,54,33,47,19.44,1,37.93,1000.0,2.03,18:56:30
71,54,33,47,19.44,1,37.93,700.0,2.03,18:56:38
71,54,33,47,19.44,1,37.93,700.0,2.03,18:56:49
71,54,33,47,19.44,1,37.93,700.0,2.03,18:56:57
71,54,33,47,19.44,1,38.47,700.0,2.03,18:57:08
71,54,34,47,19.44,1,37.93,700.0,2.03,18:57:17
71,54,33,48,19.44,1,37.93,700.0,2.03,18:57:25
71,54,33,48,19.44,1,37.93,700.0,2.03,18:57:34
71,54,33,47,19.44,1,38.47,700.0,2.03,18:57:44
71,54,33,47,19.44,1,37.93,700.0,2.03,18:57:53
71,54,33,47,19.44,1,37.93,700.0,2.03,18:58:02
71,54,33,47,19.44,1,38.47,700.0,2.03,18:58:10
71,54,33,47,19.44,1,37.93,700.0,2.03,18:58:19
71,54,33,47,19.44,1,37.93,700.0,2.03,18:58:28
71,54,33,48,19.44,1,37.39,700.0,2.03,18:58:37
70,54,33,47,19.44,1,38.47,1000.0,2.03,18:58:45
71,54,33,47,19.44,1,37.93,700.0,2.03,18:58:54
71,54,33,47,19.44,1,38.47,700.0,2.03,18:59:03
71,54,33,47,19.44,1,38.47,700.0,2.03,18:59:13
71,54,33,47,19.44,1,38.47,700.0,2.03,18:59:22
71,54,33,48,19.44,1,37.93,700.0,2.03,18:59:30
71,54,33,47,19.44,1,38.47,700.0,2.03,18:59:39
71,54,33,47,19.44,1,38.47,700.0,2.03,18:59:50
71,54,33,47,19.44,1,38.47,700.0,2.03,18:59:58
70,54,33,47,19.44,1,37.93,700.0,2.03,19:00:07
71,54,33,47,19.44,1,38.47,700.0,2.03,19:00:16
71,54,33,47,19.44,1,37.93,700.0,2.03,19:00:25
71,54,33,47,19.44,1,37.93,700.0,2.03,19:00:33
71,54,33,47,19.44,1,38.47,700.0,2.03,19:00:42
71,54,33,47,19.44,1,37.93,700.0,2.03,19:00:51
71,54,33,47,19.44,1,37.93,700.0,2.03,19:01:01
71,54,34,48,19.44,1,38.47,700.0,2.03,19:01:10
70,54,34,47,19.44,1,38.47,700.0,2.03,19:01:19
71,54,33,47,19.44,1,38.47,700.0,2.03,19:01:27
71,54,33,47,19.44,1,38.47,700.0,2.03,19:01:36
71,54,33,47,19.44,1,38.47,700.0,2.03,19:01:45
71,54,34,47,19.44,1,38.47,700.0,2.03,19:01:55
71,54,34,48,19.38,1,38.47,700.0,2.03,19:02:04
70,54,34,48,19.44,1,37.93,700.0,2.03,19:02:14
71,54,34,47,19.44,1,37.93,700.0,2.03,19:02:23
71,54,33,47,19.44,1,38.47,700.0,2.03,19:02:32
71,54,34,47,19.44,1,37.93,700.0,2.03,19:02:41
70,54,34,47,19.38,1,37.93,700.0,2.03,19:02:49
71,48,34,47,19.44,1,37.93,700.0,2.03,19:02:58
70,53,33,47,19.44,1,37.93,700.0,2.03,19:03:07
71,53,34,47,19.44,1,37.93,700.0,2.03,19:03:15
71,54,34,47,19.44,1,37.93,700.0,2.03,19:03:24
71,54,34,47,19.44,1,37.93,700.0,2.03,19:03:33
71,53,33,-1,19.44,0,40.08,1000.0,2.03,19:03:52
71,53,33,47,19.44,-1,39.01,700.0,2.03,19:04:03
71,53,33,47,19.38,1,39.01,1000.0,2.03,19:04:12
71,54,33,47,19.38,1,37.93,700.0,2.03,19:04:21
71,54,33,47,19.44,1,37.93,700.0,2.03,19:04:29
71,53,33,48,19.38,1,39.01,1000.0,2.03,19:04:38
71,54,33,48,19.38,1,37.93,700.0,2.03,19:04:47
71,53,33,47,19.38,1,38.47,700.0,2.03,19:04:55
70,54,33,47,19.38,1,37.93,700.0,2.03,19:05:04
71,53,33,47,19.44,1,38.47,700.0,2.03,19:05:15
71,53,33,47,19.44,1,37.93,700.0,2.03,19:05:24
71,53,33,47,19.44,1,38.47,700.0,2.03,19:05:34
71,53,32,47,19.38,1,37.93,700.0,2.03,19:05:42
71,54,33,47,19.38,1,37.93,700.0,2.03,19:05:51
71,53,33,47,19.44,1,38.47,700.0,2.03,19:06:02
71,54,33,47,19.44,1,37.93,700.0,2.03,19:06:10
70,54,32,48,19.44,1,38.47,1000.0,2.03,19:06:19
71,54,33,48,19.38,1,38.47,700.0,2.03,19:06:28
70,54,32,47,19.44,1,38.47,700.0,2.03,19:06:37
71,53,32,47,19.44,1,37.93,700.0,2.03,19:06:45
71,54,32,48,19.44,1,37.93,700.0,2.03,19:06:54
71,54,33,47,19.44,1,37.93,700.0,2.03,19:07:03
71,53,32,47,19.38,1,38.47,700.0,2.03,19:07:15
71,53,33,47,19.44,1,39.01,1000.0,2.03,19:07:26
71,54,32,47,19.44,1,37.93,700.0,2.03,19:07:34
71,53,33,47,19.44,1,38.47,800.0,2.03,19:07:43
71,53,33,47,19.44,1,37.93,700.0,2.03,19:07:52
71,53,33,48,19.38,1,37.93,700.0,2.03,19:08:00
71,53,33,47,19.44,1,37.93,700.0,2.03,19:08:09
71,53,32,47,19.38,1,37.93,700.0,2.03,19:08:18
71,54,33,47,19.38,1,37.93,700.0,2.03,19:08:27
70,53,33,47,19.44,1,37.93,700.0,2.03,19:08:35
71,53,33,47,19.44,1,38.47,1000.0,2.03,19:08:44
71,54,33,47,19.38,1,38.47,700.0,2.03,19:08:53
71,53,33,47,19.38,1,37.93,700.0,2.03,19:09:01
71,53,33,47,19.38,1,37.93,700.0,2.03,19:09:12
70,53,33,47,19.44,1,38.47,700.0,2.03,19:09:20
71,53,33,47,19.44,1,37.93,700.0,2.03,19:09:29
71,53,34,47,19.44,1,37.93,700.0,2.03,19:09:38
71,53,33,47,19.44,1,38.47,700.0,2.03,19:09:47
71,54,33,47,19.38,1,38.47,1000.0,2.03,19:09:57
71,53,33,47,19.38,1,37.93,700.0,2.03,19:10:06
71,53,33,47,19.38,1,37.93,800.0,2.03,19:10:14
71,53,33,47,19.38,1,37.93,700.0,2.03,19:10:23
71,54,33,47,19.38,1,38.47,700.0,2.03,19:10:33
71,53,33,47,19.38,1,37.93,700.0,2.03,19:10:44
71,53,33,47,19.38,1,37.93,700.0,2.03,19:10:53
71,53,33,47,19.38,1,37.93,700.0,2.03,19:11:01
71,53,33,47,19.44,1,38.47,700.0,2.03,19:11:10
71,53,33,47,19.38,1,37.93,700.0,2.03,19:11:19
71,53,32,47,19.38,1,37.93,1000.0,2.03,19:11:28
71,53,32,47,19.44,1,37.93,700.0,2.03,19:11:36
70,54,33,47,19.38,1,38.47,700.0,2.03,19:11:47
71,53,32,47,19.38,1,37.93,700.0,2.03,19:11:55
71,53,33,47,19.38,1,37.93,800.0,2.03,19:12:04
71,53,33,47,19.44,1,37.93,700.0,2.03,19:12:13
71,53,33,47,19.44,1,38.47,1000.0,2.03,19:12:22
71,53,33,47,19.44,1,37.93,700.0,2.03,19:12:30
71,54,33,47,19.38,1,37.93,700.0,2.03,19:12:39
71,53,33,47,19.38,1,37.93,700.0,2.03,19:12:48
71,54,32,47,19.38,1,37.93,700.0,2.03,19:12:56
71,53,33,47,19.44,1,37.93,700.0,2.03,19:13:05
71,54,33,47,19.38,1,37.93,700.0,2.03,19:13:14
71,54,33,47,19.44,1,37.39,700.0,2.03,19:13:23
71,53,33,47,19.44,1,37.93,700.0,2.03,19:13:31
71,54,33,47,19.44,1,37.93,700.0,2.03,19:13:40
71,53,33,47,19.38,1,38.47,700.0,2.03,19:13:49
71,53,33,47,19.38,1,38.47,700.0,2.03,19:13:59
71,53,33,47,19.38,1,37.93,700.0,2.03,19:14:09
71,53,33,47,19.44,1,38.47,700.0,2.03,19:14:20
71,53,33,47,19.38,1,37.93,700.0,2.03,19:14:30
71,53,34,47,19.38,1,38.47,700.0,2.03,19:14:39
71,54,33,47,19.38,1,37.93,700.0,2.03,19:14:48
71,53,33,47,19.44,0,37.93,700.0,2.03,19:14:56
71,53,33,47,19.38,0,37.93,700.0,2.03,19:15:05
71,53,33,47,19.44,0,37.93,700.0,2.03,19:15:14
71,54,33,47,19.38,0,37.93,700.0,2.03,19:15:23
71,53,33,47,19.44,0,37.93,1000.0,2.03,19:15:31
71,53,33,47,19.38,0,37.93,700.0,2.03,19:15:40
71,53,33,47,19.38,0,37.39,700.0,2.03,19:15:49
71,53,33,47,19.38,0,37.93,700.0,2.03,19:15:58
71,54,33,47,19.38,0,37.93,700.0,2.03,19:16:06
71,54,33,47,19.38,0,37.93,700.0,2.03,19:16:15
71,54,33,47,19.38,0,37.93,700.0,2.03,19:16:24
70,53,33,47,19.38,0,37.93,700.0,2.03,19:16:32
71,53,33,48,19.38,0,37.93,700.0,2.03,19:16:41
70,53,33,47,19.44,0,37.93,700.0,2.03,19:16:50
71,53,33,47,19.38,0,37.93,700.0,2.03,19:16:59
71,50,33,47,19.38,0,37.93,700.0,2.03,19:17:07
71,53,33,48,19.38,0,37.93,700.0,2.03,19:17:16
71,53,33,48,19.38,0,38.47,700.0,2.03,19:17:27
71,54,33,48,19.38,0,37.93,700.0,2.03,19:17:35
71,53,33,47,19.38,0,37.93,700.0,2.03,19:17:44
70,53,33,53,19.38,0,37.93,700.0,2.03,19:17:53
71,54,33,47,19.38,0,38.47,1000.0,2.03,19:18:01
70,53,33,47,19.38,0,37.93,700.0,2.03,19:18:10
71,53,33,47,19.38,0,37.93,700.0,2.03,19:18:19
70,53,33,47,19.38,0,37.93,700.0,2.03,19:18:28
71,54,33,47,19.38,-1,37.93,700.0,2.03,19:18:36
71,53,33,48,19.38,0,38.47,700.0,2.03,19:18:47
71,53,33,48,19.38,0,38.47,700.0,2.03,19:18:55
71,54,33,48,19.38,0,37.93,1000.0,2.03,19:19:04
71,54,33,48,19.38,0,37.93,700.0,2.03,19:19:13
71,54,33,47,19.38,0,37.93,700.0,2.03,19:19:23
71,54,33,47,19.38,0,37.93,700.0,2.03,19:19:32
71,53,33,47,19.38,0,37.93,1000.0,2.03,19:19:40
70,54,33,47,19.38,0,37.93,700.0,2.03,19:19:49
71,54,33,48,19.44,-1,37.93,700.0,2.03,19:19:58
71,54,34,47,19.38,0,37.93,700.0,2.03,19:20:07
70,54,33,47,19.38,0,37.93,700.0,2.03,19:20:15
70,54,33,47,19.38,-1,37.93,700.0,2.03,19:20:24
71,54,34,47,19.38,-1,37.93,700.0,2.03,19:20:33
71,54,33,47,19.38,0,37.93,700.0,2.03,19:20:41
70,54,33,47,19.38,0,37.93,700.0,2.03,19:20:50
71,54,33,47,19.38,-1,37.93,700.0,2.03,19:20:59
71,54,33,47,19.38,0,37.93,700.0,2.03,19:21:09
71,54,33,47,19.38,0,37.93,700.0,2.03,19:21:18
71,54,33,48,19.38,0,37.93,700.0,2.03,19:21:27
71,54,33,47,19.38,0,37.93,700.0,2.03,19:21:36
70,54,33,47,19.38,0,38.47,700.0,2.03,19:21:44
70,54,33,47,19.38,-1,37.93,700.0,2.03,19:21:53
71,54,33,47,19.38,-1,37.93,700.0,2.03,19:22:04
71,54,33,47,19.38,0,37.93,700.0,2.03,19:22:12
71,54,33,47,19.38,0,37.93,700.0,2.03,19:22:21
71,54,33,47,19.38,0,37.93,700.0,2.03,19:22:30
71,54,33,47,19.38,0,37.93,700.0,2.03,19:22:38
71,54,33,47,19.38,0,38.47,700.0,2.03,19:22:51
71,54,33,47,19.38,0,37.93,700.0,2.03,19:23:00
71,54,33,48,19.38,0,37.93,700.0,2.03,19:23:08
71,54,33,48,19.38,0,37.93,700.0,2.03,19:23:17
71,54,33,47,19.38,0,37.93,700.0,2.03,19:23:26
71,54,33,48,19.38,0,37.93,700.0,2.03,19:23:34
71,54,33,47,19.38,0,37.39,700.0,2.03,19:23:43
71,54,33,47,19.38,0,37.93,700.0,2.03,19:23:53
71,53,33,48,19.38,0,37.93,700.0,2.03,19:24:04
71,53,33,47,19.38,0,37.39,700.0,2.03,19:24:12
71,53,33,47,19.38,0,37.39,700.0,2.03,19:24:21
71,53,33,47,19.38,0,37.93,700.0,2.03,19:24:31
71,54,33,47,19.38,0,37.93,700.0,2.03,19:24:40
71,53,33,47,19.38,0,37.93,700.0,2.03,19:24:49
71,54,32,47,19.38,0,37.39,700.0,2.03,19:24:58
71,54,33,47,19.38,0,37.39,700.0,2.03,19:25:06
71,54,33,47,19.38,0,37.93,700.0,2.03,19:25:17
71,54,33,47,19.38,0,37.39,700.0,2.03,19:25:26
71,53,33,47,19.44,0,37.93,700.0,2.03,19:25:34
71,54,34,48,19.38,0,37.93,700.0,2.03,19:25:43
71,54,34,47,19.38,0,37.39,700.0,2.03,19:25:52
71,54,34,48,19.38,0,37.39,700.0,2.03,19:26:00
70,53,34,47,19.38,0,37.39,700.0,2.03,19:26:09
71,54,34,47,19.38,-1,37.39,700.0,2.03,19:26:18
70,54,34,47,19.38,0,37.39,700.0,2.03,19:26:27
70,54,34,47,19.38,-1,37.39,700.0,2.03,19:26:35
70,54,34,48,19.38,-1,37.93,700.0,2.03,19:26:44
70,54,34,47,19.38,-1,37.39,700.0,2.03,19:26:53
70,54,34,47,19.38,-1,37.39,700.0,2.03,19:27:02
71,54,33,47,19.38,-1,37.93,700.0,2.03,19:27:10
71,54,34,47,19.38,0,37.93,1000.0,2.03,19:27:19
71,54,33,48,19.38,0,36.86,700.0,2.03,19:27:28
71,54,33,47,19.38,0,36.86,700.0,2.03,19:27:36
71,54,33,47,19.38,0,37.39,700.0,2.03,19:27:45
71,54,33,48,19.38,0,37.39,700.0,2.03,19:27:54
70,54,33,47,19.38,0,37.39,700.0,2.03,19:28:04
71,54,33,47,19.38,-1,37.39,700.0,2.03,19:28:13
71,54,34,47,19.38,0,36.86,700.0,2.03,19:28:22
71,54,33,47,19.38,0,37.93,700.0,2.03,19:28:30
71,54,34,48,19.38,0,36.86,700.0,2.03,19:28:39
71,54,33,48,19.38,0,37.39,700.0,2.03,19:28:48
71,54,33,47,19.38,0,37.93,700.0,2.03,19:28:57
71,54,34,48,19.38,0,37.39,700.0,2.03,19:29:05
71,54,34,48,19.38,0,36.86,700.0,2.03,19:29:14
71,54,33,48,19.38,0,36.86,800.0,2.03,19:29:23
71,54,34,47,19.38,0,37.39,700.0,2.03,19:29:32
71,54,34,48,19.38,0,37.39,700.0,2.03,19:29:40
71,54,34,47,19.38,0,37.39,700.0,2.03,19:29:49
71,54,34,48,19.38,0,36.86,700.0,2.03,19:29:58
71,54,34,47,19.38,0,37.39,700.0,2.03,19:30:06
71,54,34,47,19.38,0,36.86,700.0,2.03,19:30:15
71,54,34,48,19.38,0,36.86,700.0,2.03,19:30:24
71,54,34,48,19.38,0,36.86,700.0,2.03,19:30:33
71,53,34,47,19.38,0,36.86,700.0,2.03,19:30:41
71,54,34,48,19.38,0,36.86,700.0,2.03,19:30:50
70,54,34,48,19.38,0,37.39,700.0,2.03,19:30:59
71,54,34,47,19.38,-1,36.86,700.0,2.03,19:31:09
71,54,34,47,19.38,0,37.39,700.0,2.03,19:31:18
70,54,34,47,19.38,0,37.39,700.0,2.03,19:31:28
70,54,34,47,19.38,-1,36.86,700.0,2.03,19:31:37
71,54,34,47,19.38,-1,37.39,700.0,2.03,19:31:47
71,54,34,47,19.38,0,37.39,700.0,2.03,19:31:56
71,54,34,47,19.38,0,37.39,700.0,2.03,19:32:05
71,54,34,47,19.38,0,37.93,700.0,2.03,19:32:14
70,54,34,47,19.38,0,36.86,700.0,2.03,19:32:22
71,54,34,48,19.38,-1,37.93,700.0,2.03,19:32:33
71,53,34,47,19.38,0,36.86,700.0,2.03,19:32:42
71,54,34,47,19.38,0,36.86,700.0,2.03,19:32:50
70,53,34,48,19.38,0,37.39,700.0,2.03,19:32:59
71,54,34,47,19.38,-1,36.86,700.0,2.03,19:33:08
71,53,34,48,19.38,0,36.86,700.0,2.03,19:33:17
71,54,34,48,19.38,0,36.86,700.0,2.03,19:33:25
71,54,34,48,19.38,0,36.86,700.0,2.03,19:33:36
71,54,34,48,19.38,0,37.39,700.0,2.03,19:33:46
71,54,34,47,19.38,0,37.39,700.0,2.03,19:33:55
71,54,33,47,19.38,0,37.39,700.0,2.03,19:34:04
71,54,33,47,19.38,0,36.86,700.0,2.03,19:34:12
71,54,34,48,19.38,0,36.86,700.0,2.03,19:34:21
71,54,33,47,19.38,0,37.39,700.0,2.03,19:34:30
71,53,34,48,19.38,0,36.86,700.0,2.03,19:34:38
70,54,34,47,19.38,0,36.86,700.0,2.03,19:34:47
71,54,34,47,19.38,-1,36.86,700.0,2.03,19:34:56
71,54,34,47,19.38,0,36.86,700.0,2.03,19:35:05
71,54,34,47,19.38,0,36.86,700.0,2.03,19:35:13
71,54,33,47,19.38,0,37.93,700.0,2.03,19:35:24
71,54,33,47,19.38,0,37.93,700.0,2.03,19:35:32
71,54,33,48,19.38,0,36.86,700.0,2.03,19:35:41
71,54,33,48,19.38,0,36.86,700.0,2.03,19:35:50
71,54,33,47,19.38,0,37.39,700.0,2.03,19:36:00
71,53,33,48,19.38,0,36.86,700.0,2.03,19:36:09
70,54,33,48,19.38,0,36.86,700.0,2.03,19:36:18
71,54,33,48,19.38,-1,36.86,700.0,2.03,19:36:27
71,54,33,48,19.38,0,36.86,700.0,2.03,19:36:35
71,54,33,47,19.38,0,36.86,700.0,2.03,19:36:44
70,54,33,47,19.38,0,37.39,700.0,2.03,19:36:53
70,54,33,47,19.38,-1,36.86,700.0,2.03,19:37:01
71,54,34,47,19.38,-1,37.39,700.0,2.03,19:37:10
70,54,33,47,19.38,0,37.39,700.0,2.03,19:37:19
71,54,33,47,19.38,-1,36.86,700.0,2.03,19:37:28
70,54,33,47,19.38,0,36.86,700.0,2.03,19:37:36
71,54,33,47,19.38,-1,36.86,700.0,2.03,19:37:45
70,54,33,47,19.38,0,37.39,700.0,2.03,19:37:54
71,54,33,47,19.38,-1,37.39,700.0,2.03,19:38:02
71,54,33,47,19.38,0,36.86,700.0,2.03,19:38:11
71,54,33,47,19.38,0,36.86,700.0,2.03,19:38:22
71,54,33,47,19.38,0,37.39,700.0,2.03,19:38:31
71,54,33,47,19.38,0,36.86,700.0,2.03,19:38:39
71,54,33,47,19.38,0,36.86,700.0,2.03,19:38:48
70,54,33,47,19.38,0,37.39,700.0,2.03,19:38:57
71,54,33,47,19.38,-1,36.86,700.0,2.03,19:39:05
71,54,33,47,19.38,0,37.39,700.0,2.03,19:39:14
70,54,33,47,19.38,0,36.86,700.0,2.03,19:39:23
71,54,34,47,19.38,-1,36.86,700.0,2.03,19:39:32
70,54,33,47,19.38,0,37.39,700.0,2.03,19:39:40
70,54,33,47,19.38,-1,36.86,700.0,2.03,19:39:49
71,54,33,47,19.38,-1,36.32,700.0,2.03,19:39:58
70,54,34,47,19.38,0,36.86,700.0,2.03,19:40:08
71,54,33,47,19.38,-1,37.39,700.0,2.03,19:40:17
70,55,34,47,19.38,0,36.86,700.0,2.03,19:40:26
70,54,34,47,19.38,-1,37.39,700.0,2.03,19:40:34
70,54,33,47,19.38,-1,36.86,700.0,2.03,19:40:43
71,54,33,47,19.38,-1,36.86,700.0,2.03,19:40:52
70,54,33,47,19.38,0,36.86,700.0,2.03,19:41:00
70,54,34,47,19.38,-1,36.86,700.0,2.03,19:41:09
71,54,33,47,19.38,-1,36.86,700.0,2.03,19:41:18
71,54,34,47,19.38,0,36.86,700.0,2.03,19:41:27
71,54,34,47,19.38,0,36.86,700.0,2.03,19:41:35
70,54,33,47,19.38,0,37.39,700.0,2.03,19:41:44
70,54,34,47,19.38,-1,36.86,700.0,2.03,19:41:53
70,54,33,47,19.38,-1,36.86,700.0,2.03,19:42:01
71,54,33,47,19.38,-1,36.86,700.0,2.03,19:42:10
71,54,33,47,19.38,0,36.86,700.0,2.03,19:42:21
71,54,34,47,19.38,0,36.86,700.0,2.03,19:42:29
71,54,33,47,19.38,0,37.93,700.0,2.03,19:42:40
71,54,34,47,19.38,0,37.39,700.0,2.03,19:42:49
70,54,34,47,19.38,0,36.86,700.0,2.03,19:42:58
71,54,33,47,19.38,-1,37.93,700.0,2.03,19:43:08
70,54,33,47,19.38,0,37.39,700.0,2.03,19:43:17
71,54,33,47,19.38,-1,36.86,700.0,2.03,19:43:25
71,54,33,47,19.38,0,36.86,700.0,2.03,19:43:34
70,54,33,47,19.38,0,37.39,700.0,2.03,19:43:43
71,54,33,47,19.38,-1,37.39,700.0,2.03,19:43:51
70,54,34,47,19.38,0,36.86,700.0,2.03,19:44:00
71,54,33,47,19.38,-1,37.39,700.0,2.03,19:44:09
71,54,33,47,19.38,0,36.86,700.0,2.03,19:44:18
71,54,33,47,19.38,0,36.86,700.0,2.03,19:44:26
71,54,33,47,19.38,0,37.93,700.0,2.03,19:44:37
71,54,33,47,19.38,0,36.86,700.0,2.03,19:44:45
71,54,33,47,19.38,0,36.86,700.0,2.03,19:44:54
71,54,33,47,19.38,0,36.86,700.0,2.03,19:45:03
71,54,33,47,19.38,0,37.93,700.0,2.03,19:45:14
71,54,34,47,19.38,0,36.86,700.0,2.03,19:45:22
71,53,33,47,19.38,0,36.86,700.0,2.03,19:45:31
70,54,33,47,19.38,0,36.86,700.0,2.03,19:45:40
70,53,34,47,19.38,-1,36.86,700.0,2.03,19:45:48
70,53,33,47,19.38,-1,37.39,700.0,2.03,19:45:59
70,54,33,48,19.38,-1,37.39,700.0,2.03,19:46:08
71,54,33,47,19.38,-1,37.93,700.0,2.03,19:46:18
70,54,33,47,19.38,0,36.86,700.0,2.03,19:46:27
71,54,34,47,19.38,-1,37.39,700.0,2.03,19:46:36
70,54,34,47,19.38,0,36.86,700.0,2.03,19:46:44
71,54,34,47,19.38,-1,36.86,700.0,2.03,19:46:55
71,54,33,47,19.38,0,36.86,700.0,2.03,19:47:04
71,54,34,47,19.38,0,37.39,800.0,2.03,19:47:12
71,54,34,47,19.38,0,37.39,700.0,2.03,19:47:21
71,54,34,48,19.38,0,36.86,700.0,2.03,19:47:30
71,54,34,47,19.38,0,37.93,700.0,2.03,19:47:40
71,54,34,48,19.38,0,37.39,700.0,2.03,19:47:49
71,54,34,48,19.38,0,36.86,700.0,2.03,19:47:58
71,53,34,48,19.38,0,37.39,700.0,2.03,19:48:11
70,54,33,48,19.38,0,37.93,700.0,2.03,19:48:22
71,54,34,48,19.38,-1,37.39,700.0,2.03,19:48:31
71,53,34,48,19.38,0,36.86,700.0,2.03,19:48:41
71,54,34,47,19.38,0,37.39,700.0,2.03,19:48:50
71,54,34,47,19.38,0,37.39,700.0,2.03,19:48:58
71,53,34,48,19.38,0,37.93,700.0,2.03,19:49:10
71,54,34,48,19.38,0,37.93,700.0,2.03,19:49:21
71,54,34,47,19.38,0,37.93,700.0,2.03,19:49:30
71,54,34,47,19.38,0,37.93,700.0,2.03,19:49:38
71,54,34,47,19.38,0,37.93,700.0,2.03,19:49:49
71,54,34,47,19.38,0,37.93,700.0,2.03,19:49:58
71,54,34,47,19.38,0,37.93,700.0,2.03,19:50:06
71,54,33,47,19.38,0,36.86,700.0,2.03,19:50:15
71,54,34,47,19.38,0,37.39,700.0,2.03,19:50:24
71,54,33,47,19.38,0,37.93,700.0,2.03,19:50:34
71,54,34,47,19.38,0,37.93,700.0,2.03,19:50:43
71,54,34,47,19.38,0,37.93,700.0,2.03,19:50:56
70,54,33,47,19.38,0,37.93,700.0,2.03,19:51:06
71,54,33,47,19.38,-1,37.93,700.0,2.03,19:51:15
70,53,33,47,19.38,0,36.86,700.0,2.03,19:51:24
71,54,33,47,19.38,-1,37.39,700.0,2.03,19:51:32
71,54,33,47,19.38,0,36.86,700.0,2.03,19:51:41
71,54,33,47,19.38,0,37.39,700.0,2.03,19:51:50
71,54,33,47,19.38,0,36.86,700.0,2.03,19:51:58
71,54,33,47,19.38,0,37.39,700.0,2.03,19:52:07
71,54,33,47,19.38,0,37.39,700.0,2.03,19:52:16
71,54,33,47,19.38,0,37.93,700.0,2.03,19:52:26
71,54,33,47,19.38,0,36.86,700.0,2.03,19:52:35
70,54,33,47,19.38,0,37.39,700.0,2.03,19:52:46
70,54,33,47,19.38,-1,37.93,700.0,2.03,19:52:54
70,53,33,48,19.38,-1,37.39,700.0,2.03,19:53:03
71,53,33,48,19.38,-1,37.39,700.0,2.03,19:53:12
71,54,33,47,19.38,0,36.86,700.0,2.03,19:53:21
71,54,33,47,19.38,0,37.93,700.0,2.03,19:53:31
71,54,34,47,19.38,0,37.93,700.0,2.03,19:53:41
71,54,33,47,19.38,0,37.39,700.0,2.03,19:53:52
71,54,33,47,19.38,0,37.93,700.0,2.03,19:54:01
71,54,33,47,19.38,0,37.93,700.0,2.03,19:54:11
71,54,33,47,19.38,0,37.93,700.0,2.03,19:54:20
71,54,33,47,19.38,0,37.93,700.0,2.03,19:54:28
71,54,33,47,19.38,0,37.39,700.0,2.03,19:54:37
71,54,33,48,19.38,0,37.39,700.0,2.03,19:54:46
70,54,33,48,19.38,0,37.93,700.0,2.03,19:54:55
71,54,33,47,19.38,-1,37.39,700.0,2.03,19:55:03
70,54,33,48,19.38,0,37.93,700.0,2.03,19:55:12
71,54,33,47,19.38,-1,37.39,700.0,2.03,19:55:21
71,54,33,48,19.38,0,36.86,700.0,2.03,19:55:29
70,54,33,47,19.38,0,37.93,700.0,2.03,19:55:40
71,54,33,47,19.38,-1,36.86,700.0,2.03,19:55:49
71,54,33,47,19.38,0,37.93,700.0,2.03,19:55:59
71,54,33,47,19.38,0,37.93,700.0,2.03,19:56:10
71,54,33,47,19.38,0,37.39,700.0,2.03,19:56:19
70,54,33,47,19.38,0,37.93,700.0,2.03,19:56:27
71,54,33,47,19.38,-1,37.93,700.0,2.03,19:56:36
70,54,33,48,19.38,0,37.39,700.0,2.03,19:56:45
70,54,33,47,19.38,-1,36.86,700.0,2.03,19:56:54
70,54,33,47,19.38,-1,36.86,700.0,2.03,19:57:02
71,54,33,47,19.38,-1,36.86,700.0,2.03,19:57:11
71,54,34,48,19.38,0,36.86,700.0,2.03,19:57:20
71,54,33,47,19.38,0,37.39,700.0,2.03,19:57:28
74,54,33,47,19.38,0,37.39,700.0,2.03,19:57:37
70,54,33,48,19.38,1,37.39,700.0,2.03,19:57:46
71,54,33,47,19.38,-1,37.39,700.0,2.03,19:57:55
70,54,33,47,19.38,0,37.93,700.0,2.03,19:58:03
71,54,33,47,19.38,-1,36.86,700.0,2.03,19:58:12
71,54,33,48,19.38,0,36.86,700.0,2.03,19:58:21
71,54,33,48,19.38,0,36.86,700.0,2.03,19:58:29
71,54,33,47,19.38,0,37.93,1000.0,2.03,19:58:38
71,54,33,47,19.38,0,37.93,700.0,2.03,19:58:49
71,54,33,48,19.38,0,37.93,700.0,2.03,19:58:59
71,54,33,47,19.38,0,37.39,700.0,2.03,19:59:08
71,54,33,47,19.38,0,37.93,700.0,2.03,19:59:17
70,54,34,47,19.38,0,37.93,700.0,2.03,19:59:27
70,54,33,47,19.38,-1,37.93,700.0,2.03,19:59:36
71,54,33,47,19.38,-1,37.93,700.0,2.03,19:59:44
71,54,33,47,19.38,0,37.93,700.0,2.03,19:59:53
71,54,33,48,19.38,0,37.93,700.0,2.03,20:00:04
71,54,34,47,19.38,0,37.93,700.0,2.03,20:00:12
71,54,34,47,19.38,0,36.86,700.0,2.03,20:00:21
71,54,34,47,19.38,0,37.93,700.0,2.03,20:00:31
71,54,34,47,19.38,0,37.93,700.0,2.03,20:00:42
71,54,34,47,19.38,0,37.93,700.0,2.03,20:00:50
70,54,34,47,19.38,0,37.93,700.0,2.03,20:00:59
71,54,34,47,19.38,-1,37.93,700.0,2.03,20:01:08
71,54,34,47,19.38,0,37.93,700.0,2.03,20:01:17
71,54,34,47,19.38,0,37.93,700.0,2.03,20:01:27
71,54,33,47,19.38,0,37.93,700.0,2.03,20:01:36
71,54,33,48,19.38,0,37.93,700.0,2.03,20:01:46
71,54,34,47,19.38,0,37.93,700.0,2.03,20:01:55
71,54,34,47,19.38,0,37.93,700.0,2.03,20:02:03
71,54,34,48,19.38,0,37.93,700.0,2.03,20:02:14
71,54,34,48,19.38,0,37.39,700.0,2.03,20:02:23
71,54,34,47,19.38,0,37.93,700.0,2.03,20:02:31
71,54,34,47,19.38,0,37.39,700.0,2.03,20:02:40
71,54,34,47,19.38,0,37.93,700.0,2.03,20:02:49
71,54,34,47,19.38,0,37.93,700.0,2.03,20:02:59
70,62,34,47,19.38,0,37.93,700.0,2.03,20:03:08
71,54,34,47,19.38,-1,37.39,700.0,2.03,20:03:17
71,54,34,48,19.38,0,36.86,700.0,2.03,20:03:25
70,53,34,48,19.38,0,37.39,700.0,2.03,20:03:34
71,54,34,48,19.38,-1,37.93,700.0,2.03,20:03:45
70,54,34,47,19.38,0,37.93,700.0,2.03,20:03:55
71,54,34,47,19.38,-1,37.93,700.0,2.03,20:04:04
71,54,34,47,19.38,0,38.47,700.0,2.03,20:04:12
71,54,34,47,19.38,0,37.93,700.0,2.03,20:04:21
71,54,34,47,19.38,0,37.93,700.0,2.03,20:04:30
71,54,34,47,19.38,0,37.39,700.0,2.03,20:04:38
71,54,34,47,19.38,0,37.93,700.0,2.03,20:04:47
71,54,34,47,19.38,0,37.39,700.0,2.03,20:04:58
71,54,33,47,19.38,0,37.39,700.0,2.03,20:05:06
71,54,34,47,19.31,0,37.93,700.0,2.03,20:05:15
71,54,34,47,19.38,0,36.86,700.0,2.03,20:05:24
70,53,33,48,19.38,0,37.93,700.0,2.03,20:05:33
70,54,34,48,19.38,-1,37.93,700.0,2.03,20:05:41
71,54,33,47,19.38,-1,36.86,700.0,2.03,20:05:50
71,54,33,47,19.38,0,37.39,700.0,2.03,20:05:59
71,54,33,48,19.38,0,36.86,700.0,2.03,20:06:07
71,54,33,48,19.38,0,37.93,700.0,2.03,20:06:18
71,54,33,48,19.38,0,36.86,700.0,2.03,20:06:27
71,53,33,47,19.38,0,37.93,700.0,2.03,20:06:35
70,54,33,47,19.38,0,37.39,700.0,2.03,20:06:44
71,54,33,47,19.38,-1,37.93,700.0,2.03,20:06:53
71,54,33,47,19.38,0,37.93,700.0,2.03,20:07:02
71,54,33,48,19.38,0,36.86,700.0,2.03,20:07:10
71,53,32,48,19.31,0,37.93,700.0,2.03,20:07:21
71,53,33,47,19.38,0,36.86,700.0,2.03,20:07:29
71,53,33,47,19.38,0,36.86,700.0,2.03,20:07:38
70,53,33,47,19.38,0,36.86,700.0,2.03,20:07:47
71,53,33,47,19.38,-1,37.39,700.0,2.03,20:07:56
71,54,33,47,19.38,0,37.93,700.0,2.03,20:08:04
71,53,32,48,19.31,0,36.86,700.0,2.03,20:08:13
71,53,33,47,19.38,0,37.39,700.0,2.03,20:08:22
71,54,33,48,19.38,0,36.86,700.0,2.03,20:08:30
70,53,33,47,19.38,0,37.93,700.0,2.03,20:08:39
70,53,33,47,19.38,-1,37.39,700.0,2.03,20:08:48
71,53,33,47,19.38,-1,37.39,700.0,2.03,20:08:59
70,53,33,47,19.38,0,37.93,700.0,2.03,20:09:07
71,53,33,47,19.31,-1,36.86,700.0,2.03,20:09:16
71,54,33,47,19.38,0,37.39,700.0,2.03,20:09:25
71,53,33,47,19.38,0,36.86,700.0,2.03,20:09:33
71,53,33,47,19.31,0,37.39,700.0,2.03,20:09:42
71,53,33,47,19.38,0,36.86,700.0,2.03,20:09:51
71,54,33,47,19.38,0,37.39,700.0,2.03,20:10:00
71,53,33,48,19.38,0,36.86,700.0,2.03,20:10:08
71,53,33,48,19.38,0,36.86,700.0,2.03,20:10:17
71,53,33,47,19.31,0,37.93,700.0,2.03,20:10:26
71,53,33,47,19.38,0,36.86,700.0,2.03,20:10:36
71,53,34,47,19.31,0,36.86,700.0,2.03,20:10:45
71,53,33,47,19.38,0,37.93,700.0,2.03,20:10:53
71,53,33,47,19.38,0,36.86,700.0,2.03,20:11:02
71,53,33,47,19.38,0,36.86,700.0,2.03,20:11:11
71,53,33,47,19.31,0,36.86,700.0,2.03,20:11:20
71,53,33,47,19.38,0,37.39,700.0,2.03,20:11:30
71,54,33,47,19.38,0,37.39,700.0,2.03,20:11:39
71,53,33,47,19.31,0,37.39,700.0,2.03,20:11:49
71,53,33,47,19.38,0,37.39,700.0,2.03,20:11:58
70,54,33,47,19.38,0,37.93,700.0,2.03,20:12:09
71,54,33,47,19.38,-1,37.39,700.0,2.03,20:12:17
71,53,33,47,19.38,0,36.86,700.0,2.03,20:12:28
70,53,33,47,19.38,0,37.93,700.0,2.03,20:12:37
71,54,33,47,19.38,-1,37.39,700.0,2.03,20:12:46
71,53,33,48,19.38,0,36.86,700.0,2.03,20:12:54
71,53,33,47,19.38,0,36.86,700.0,2.03,20:13:03
71,54,33,47,19.31,0,37.39,700.0,2.03,20:13:12
71,53,33,48,19.38,0,36.86,700.0,2.03,20:13:20
71,53,33,48,19.31,0,37.39,700.0,2.03,20:13:29
61,54,33,48,19.38,0,37.39,700.0,2.03,20:13:39
71,53,33,47,19.31,-1,37.93,700.0,2.03,20:13:50
71,53,33,47,19.38,0,36.86,700.0,2.03,20:13:59
71,53,33,47,19.31,0,37.93,700.0,2.03,20:14:09
71,53,33,48,19.31,0,37.93,700.0,2.03,20:14:19
71,53,33,47,19.38,0,37.39,700.0,2.03,20:14:28
70,53,33,47,19.31,0,37.93,700.0,2.03,20:14:37
71,53,33,47,19.31,-1,36.86,700.0,2.03,20:14:46
70,53,33,47,19.31,0,37.39,700.0,2.03,20:14:54
71,53,33,47,19.38,-1,36.86,700.0,2.03,20:15:03
71,53,33,47,19.38,0,36.86,700.0,2.03,20:15:12
71,53,33,47,19.38,0,36.86,700.0,2.03,20:15:20
71,53,33,47,19.38,0,36.86,700.0,2.03,20:15:29
70,53,33,47,19.31,0,36.86,700.0,2.03,20:15:40
71,53,33,47,19.31,-1,36.86,700.0,2.03,20:15:48
71,53,33,48,19.31,0,37.39,700.0,2.03,20:15:57
71,54,33,47,19.31,0,37.39,700.0,2.03,20:16:06
71,54,33,47,19.38,0,37.39,700.0,2.03,20:16:15
71,54,33,47,19.31,0,37.93,700.0,2.03,20:16:25
71,54,33,47,19.31,0,37.39,700.0,2.03,20:16:34
71,54,33,47,19.31,0,37.39,700.0,2.03,20:16:42
71,54,33,47,19.31,0,37.93,700.0,2.03,20:16:51
71,54,33,47,19.38,0,37.39,700.0,2.03,20:17:00
71,54,33,47,19.31,0,37.39,700.0,2.03,20:17:10
71,54,33,47,19.31,0,36.86,700.0,2.03,20:17:19
71,54,33,47,19.31,0,37.93,700.0,2.03,20:17:29
71,53,33,47,19.31,0,37.39,700.0,2.03,20:17:38
70,53,33,47,19.31,0,37.93,700.0,2.03,20:17:47
70,53,33,47,19.31,-1,37.39,700.0,2.03,20:17:56
71,53,33,48,19.31,-1,37.39,700.0,2.03,20:18:04
71,54,32,47,19.31,0,36.86,700.0,2.03,20:18:13
70,54,33,47,19.31,0,36.86,700.0,2.03,20:18:22
70,54,33,48,19.38,-1,37.39,700.0,2.03,20:18:30
71,54,33,47,19.31,-1,36.86,700.0,2.03,20:18:39
71,54,32,47,19.38,0,37.39,700.0,2.03,20:18:48
71,53,32,47,19.31,0,37.39,700.0,2.03,20:18:57
71,53,33,47,19.31,0,36.86,700.0,2.03,20:19:05
71,53,32,47,19.31,0,36.86,700.0,2.03,20:19:14
71,53,33,47,19.31,0,36.32,700.0,2.03,20:19:23
71,53,32,47,19.31,0,36.86,700.0,2.03,20:19:32
71,54,32,47,19.31,0,36.86,700.0,2.03,20:19:40
71,53,32,47,19.31,0,37.39,700.0,2.03,20:19:49
71,53,32,47,19.31,0,36.86,700.0,2.03,20:19:58
71,53,32,47,19.31,0,37.93,700.0,2.03,20:20:08
71,53,32,47,19.31,0,37.93,700.0,2.03,20:20:17
71,53,32,47,19.31,0,36.86,700.0,2.03,20:20:25
71,53,32,48,19.31,0,36.86,700.0,2.03,20:20:34
71,53,32,48,19.31,0,37.39,700.0,2.03,20:20:45
71,53,32,47,19.31,0,37.93,700.0,2.03,20:20:53
71,53,32,47,19.31,0,36.86,700.0,2.03,20:21:02
71,53,32,47,19.31,0,36.86,700.0,2.03,20:21:11
71,53,32,48,19.31,0,37.93,700.0,2.03,20:21:21
71,53,32,47,19.31,0,37.93,700.0,2.03,20:21:30
71,53,33,48,19.31,0,36.86,700.0,2.03,20:21:39
71,53,33,47,19.31,0,36.86,700.0,2.03,20:21:47
71,54,33,47,19.31,0,37.39,700.0,2.03,20:21:56
71,53,33,47,19.38,0,36.86,700.0,2.03,20:22:05
71,53,32,47,19.31,0,36.86,700.0,2.03,20:22:14
71,53,32,47,19.31,0,36.86,700.0,2.03,20:22:24
71,53,33,47,19.31,0,36.86,700.0,2.03,20:22:33
71,53,33,48,19.31,0,37.39,700.0,2.03,20:22:41
71,53,32,48,19.31,0,36.86,700.0,2.03,20:22:50
70,53,32,48,19.31,0,37.93,700.0,2.03,20:22:59
71,53,33,47,19.31,-1,37.39,700.0,2.03,20:23:09
71,53,33,47,19.31,0,36.86,700.0,2.03,20:23:18
71,53,33,47,19.31,0,36.86,700.0,2.03,20:23:29
71,53,33,47,19.31,0,37.39,700.0,2.03,20:23:39
71,53,33,48,19.31,0,37.93,700.0,2.03,20:23:49
71,53,33,48,19.31,0,37.39,700.0,2.03,20:23:58
71,53,32,47,19.31,0,36.86,700.0,2.03,20:24:07
71,53,33,47,19.31,0,36.86,700.0,2.03,20:24:15
71,53,32,47,19.31,0,37.93,1000.0,2.03,20:24:26
71,53,33,48,19.31,0,37.39,700.0,2.03,20:24:34
71,53,33,47,19.31,0,37.93,700.0,2.03,20:24:45
71,53,33,47,19.38,0,37.39,700.0,2.03,20:24:54
70,53,33,47,19.31,0,37.39,700.0,2.03,20:25:02
71,53,33,48,19.31,-1,37.39,700.0,2.03,20:25:11
71,53,33,47,19.31,0,36.86,700.0,2.03,20:25:20
71,53,32,47,19.31,0,36.86,700.0,2.03,20:25:28
70,53,33,47,19.31,0,36.86,700.0,2.03,20:25:37
70,53,33,47,19.31,-1,37.39,700.0,2.03,20:25:46
71,53,33,47,19.31,-1,36.86,700.0,2.03,20:25:55
71,53,33,47,19.31,0,37.39,700.0,2.03,20:26:03
71,53,32,47,19.31,0,37.39,700.0,2.03,20:26:14
70,53,33,47,19.31,0,36.86,700.0,2.03,20:26:23
71,53,33,47,19.31,-1,36.86,700.0,2.03,20:26:31
70,53,33,47,19.31,0,36.86,700.0,2.03,20:26:40
71,53,33,47,19.31,-1,36.86,700.0,2.03,20:26:49
71,53,33,48,19.31,0,36.86,700.0,2.03,20:26:58
70,53,32,47,19.31,0,36.86,700.0,2.03,20:27:06
70,53,33,47,19.31,-1,37.39,700.0,2.03,20:27:15
70,53,33,47,19.31,-1,37.39,700.0,2.03,20:27:24
71,53,33,47,19.31,-1,37.39,700.0,2.03,20:27:34
71,53,33,48,19.31,0,36.86,700.0,2.03,20:27:43
70,53,33,47,19.31,0,36.86,700.0,2.03,20:27:52
70,53,33,47,19.31,-1,37.39,700.0,2.03,20:28:00
71,53,33,47,19.31,-1,36.86,700.0,2.03,20:28:09
71,53,33,47,19.31,0,37.93,700.0,2.03,20:28:21
71,53,33,47,19.31,0,37.39,700.0,2.03,20:28:30
71,53,32,47,19.31,0,37.39,700.0,2.03,20:28:40
71,53,33,47,19.31,0,37.93,700.0,2.03,20:28:49
71,53,33,47,19.31,0,37.39,700.0,2.03,20:28:58
71,53,33,47,19.31,0,37.93,700.0,2.03,20:29:08
71,53,32,47,19.31,0,37.93,700.0,2.03,20:29:17
71,53,33,47,19.31,0,37.39,700.0,2.03,20:29:26
71,52,33,47,19.31,0,37.39,700.0,2.03,20:29:34
71,53,33,47,19.31,0,37.93,1000.0,2.03,20:29:43
71,53,32,47,19.31,0,37.39,700.0,2.03,20:29:52
70,52,33,47,19.31,0,37.39,700.0,2.03,20:30:02
71,52,33,47,19.31,-1,37.39,700.0,2.03,20:30:11
71,53,33,48,19.31,0,36.86,700.0,2.03,20:30:20
71,53,33,48,19.31,0,36.86,700.0,2.03,20:30:28
71,53,33,48,19.31,0,37.39,700.0,2.03,20:30:37
71,52,30,47,19.31,0,37.93,700.0,2.03,20:30:47
71,54,32,47,19.31,0,37.39,700.0,2.03,20:30:56
71,53,32,47,19.31,0,37.39,700.0,2.03,20:31:05
71,53,32,47,19.31,0,37.39,700.0,2.03,20:31:14
71,53,33,47,19.31,0,36.86,700.0,2.03,20:31:24
71,53,32,48,19.31,0,37.39,700.0,2.03,20:31:33
71,53,32,47,19.31,0,37.39,700.0,2.03,20:31:41
71,53,33,48,19.31,0,36.86,700.0,2.03,20:31:50
71,53,33,47,19.31,0,37.39,700.0,2.03,20:31:59
71,53,33,47,19.31,0,37.39,700.0,2.03,20:32:09
71,53,32,47,19.31,0,37.93,700.0,2.03,20:32:18
71,53,33,47,19.31,0,36.86,700.0,2.03,20:32:27
71,53,32,47,19.31,0,37.39,700.0,2.03,20:32:36
71,53,33,47,19.31,0,37.93,700.0,2.03,20:32:44
71,53,32,48,19.31,0,37.39,700.0,2.03,20:32:53
71,52,33,47,19.31,0,36.86,700.0,2.03,20:33:02
71,53,32,47,19.31,0,37.39,700.0,2.03,20:33:10
71,52,32,47,19.31,0,37.93,700.0,2.03,20:33:19
71,53,32,47,19.31,0,37.93,700.0,2.03,20:33:30
71,53,32,47,19.31,0,37.93,700.0,2.03,20:33:38
70,53,32,47,19.31,0,37.39,700.0,2.03,20:33:47
71,53,32,48,19.31,-1,37.93,700.0,2.03,20:33:56
70,53,32,48,19.31,0,37.39,700.0,2.03,20:34:05
70,53,32,47,19.31,-1,37.39,700.0,2.03,20:34:15
70,53,32,47,19.31,-1,37.93,700.0,2.03,20:34:24
71,53,32,47,19.31,-1,37.39,700.0,2.03,20:34:32
71,53,32,48,19.31,0,37.93,700.0,2.03,20:34:43
71,53,32,47,19.31,0,37.39,700.0,2.03,20:34:53
71,53,32,47,19.31,0,37.93,700.0,2.03,20:35:04
71,53,32,47,19.31,0,37.93,700.0,2.03,20:35:12
71,53,31,47,19.31,0,37.93,700.0,2.03,20:35:21
71,53,31,47,19.31,0,37.93,700.0,2.03,20:35:32
71,53,32,47,19.31,0,37.93,700.0,2.03,20:35:42
71,53,32,47,19.31,0,37.93,700.0,2.03,20:35:51
71,53,32,48,19.31,0,37.39,700.0,2.03,20:36:00
71,53,31,47,19.31,0,37.93,700.0,2.03,20:36:08
71,53,31,47,19.31,0,37.39,800.0,2.03,20:36:17
71,53,32,47,19.31,0,37.93,800.0,2.03,20:36:27
71,53,32,48,19.31,0,37.39,700.0,2.03,20:36:36
71,53,32,47,19.31,0,37.93,1000.0,2.03,20:36:45
71,53,32,47,19.31,0,37.93,700.0,2.03,20:36:55
71,53,31,47,19.31,0,37.39,700.0,2.03,20:37:04
71,53,32,47,19.31,0,37.39,700.0,2.03,20:37:13
71,53,32,47,19.31,0,37.93,700.0,2.03,20:37:23
71,53,32,47,19.31,0,37.93,700.0,2.03,20:37:32
70,53,32,47,19.31,0,37.93,700.0,2.03,20:37:42
71,53,32,47,19.31,-1,37.39,700.0,2.03,20:37:51
71,53,32,47,19.31,0,37.93,700.0,2.03,20:38:00
71,53,31,47,19.31,0,37.93,700.0,2.03,20:38:10
71,53,32,47,19.31,0,37.93,700.0,2.03,20:38:20
70,53,31,47,19.31,0,37.93,700.0,2.03,20:38:29
71,53,33,47,19.31,-1,37.39,700.0,2.03,20:38:38
71,53,32,48,19.31,0,37.93,700.0,2.03,20:38:47
70,53,32,47,19.31,0,37.39,700.0,2.03,20:38:55
71,53,32,47,19.31,-1,37.93,700.0,2.03,20:39:04
71,53,32,47,19.31,0,37.39,700.0,2.03,20:39:13
71,53,32,47,19.31,0,36.86,700.0,2.03,20:39:21
71,53,32,47,19.31,0,36.86,700.0,2.03,20:39:30
71,53,32,47,19.31,0,37.93,700.0,2.03,20:39:39
71,53,32,47,19.31,0,37.39,700.0,2.03,20:39:48
71,53,32,47,19.31,0,36.86,700.0,2.03,20:39:56
71,53,32,48,19.31,0,37.39,700.0,2.03,20:40:05
71,53,32,48,19.31,0,37.93,700.0,2.03,20:40:16
71,53,32,43,19.31,0,37.93,700.0,2.03,20:40:24
71,53,32,47,19.31,0,37.93,700.0,2.03,20:40:33
71,53,32,47,19.31,0,37.39,700.0,2.03,20:40:42
71,53,32,48,19.31,0,36.86,700.0,2.03,20:40:51
71,53,33,48,19.31,0,36.86,700.0,2.03,20:40:59
71,53,32,47,19.31,0,37.39,700.0,2.03,20:41:08
71,53,32,48,19.31,0,37.39,700.0,2.03,20:41:17
71,53,32,47,19.31,0,36.86,700.0,2.03,20:41:25
71,53,32,47,19.31,0,37.39,700.0,2.03,20:41:34
71,53,32,48,19.31,0,36.86,700.0,2.03,20:41:43
71,53,32,47,19.31,0,36.86,700.0,2.03,20:41:52
70,53,33,47,19.31,0,36.86,700.0,2.03,20:42:00
71,53,32,47,19.31,-1,37.39,700.0,2.03,20:42:09
71,53,32,47,19.31,0,36.86,700.0,2.03,20:42:18
70,52,32,48,19.31,0,37.39,700.0,2.03,20:42:26
70,53,33,48,19.31,-1,36.86,700.0,2.03,20:42:35
71,53,33,48,19.31,-1,37.39,700.0,2.03,20:42:46
71,52,32,48,19.31,0,36.86,700.0,2.03,20:42:54
71,52,32,47,19.31,0,36.86,700.0,2.03,20:43:03
71,53,32,48,19.31,0,37.93,700.0,2.03,20:43:12
70,53,32,48,19.31,0,36.86,700.0,2.03,20:43:21
71,53,32,47,19.31,-1,37.93,700.0,2.03,20:43:31
71,53,32,47,19.31,0,36.86,700.0,2.03,20:43:40
71,53,32,48,19.31,0,36.86,700.0,2.03,20:43:49
71,53,32,48,19.31,0,36.86,700.0,2.03,20:43:57
71,53,32,47,19.31,0,36.86,700.0,2.03,20:44:06
71,53,32,47,19.31,0,37.39,700.0,2.03,20:44:15
71,53,33,47,19.31,0,36.86,700.0,2.03,20:44:23
71,53,32,48,19.31,0,36.86,700.0,2.03,20:44:32
71,53,32,48,19.31,0,36.86,700.0,2.03,20:44:41
70,53,32,47,19.31,0,37.39,700.0,2.03,20:44:50
70,53,33,47,19.31,-1,36.86,700.0,2.03,20:44:58
71,53,33,47,19.31,-1,36.86,700.0,2.03,20:45:07
71,53,31,47,19.31,0,37.93,700.0,2.03,20:45:16
71,53,32,47,19.31,0,36.86,700.0,2.03,20:45:24
70,53,32,47,19.31,0,36.86,700.0,2.03,20:45:33
71,53,32,48,19.31,-1,36.86,700.0,2.03,20:45:42
71,53,32,48,19.31,0,36.86,700.0,2.03,20:45:52
71,53,32,47,19.31,0,37.39,700.0,2.03,20:46:01
71,53,31,47,19.31,0,36.86,700.0,2.03,20:46:10
71,53,32,47,19.31,0,36.86,700.0,2.03,20:46:18
71,53,32,48,19.31,0,36.86,700.0,2.03,20:46:27
71,53,32,48,19.31,0,36.86,700.0,2.03,20:46:36
71,53,32,47,19.31,0,36.86,700.0,2.03,20:46:46
70,54,32,47,19.31,0,37.39,700.0,2.03,20:46:55
71,54,32,48,19.31,-1,37.93,700.0,2.03,20:47:06
71,54,32,48,19.31,0,37.39,700.0,2.03,20:47:16
71,54,32,47,19.31,0,36.86,700.0,2.03,20:47:25
71,54,32,48,19.31,0,37.39,700.0,2.03,20:47:34
71,53,32,48,19.31,0,37.39,700.0,2.03,20:47:42
70,53,33,48,19.25,0,37.93,700.0,2.03,20:47:53
71,53,32,48,19.31,-1,37.93,700.0,2.03,20:48:03
71,54,32,48,19.31,0,36.86,700.0,2.03,20:48:12
71,52,33,48,19.31,0,36.86,700.0,2.03,20:48:21
71,54,33,48,19.31,0,37.39,700.0,2.03,20:48:29
71,54,33,48,19.31,0,37.39,700.0,2.03,20:48:38
71,54,33,48,19.31,0,37.39,700.0,2.03,20:48:47
71,54,32,48,19.31,0,37.39,700.0,2.03,20:48:56
71,54,33,48,19.31,0,36.86,700.0,2.03,20:49:04
70,54,33,48,19.31,0,37.39,700.0,2.03,20:49:13
71,54,33,48,19.31,-1,37.93,700.0,2.03,20:49:23
71,54,33,48,19.31,0,37.93,700.0,2.03,20:49:32
71,54,33,48,19.31,0,37.39,700.0,2.03,20:49:41
71,53,33,47,19.31,0,37.39,700.0,2.03,20:49:49
71,53,33,47,19.31,0,36.86,700.0,2.03,20:49:58
71,53,33,47,19.31,0,36.86,700.0,2.03,20:50:07
71,53,33,48,19.31,0,37.93,700.0,2.03,20:50:17
71,53,33,48,19.31,0,37.93,800.0,2.03,20:50:28
71,53,33,48,19.31,0,37.93,700.0,2.03,20:50:38
71,54,33,48,19.31,0,36.86,700.0,2.03,20:50:47
71,54,33,47,19.31,0,37.93,700.0,2.03,20:50:57
70,53,33,48,19.31,0,37.93,700.0,2.03,20:51:06
71,54,33,48,19.31,-1,37.93,700.0,2.03,20:51:15
71,53,33,47,19.31,0,37.93,700.0,2.03,20:51:24
71,53,33,47,19.31,0,37.93,700.0,2.03,20:51:32
71,54,33,48,19.31,0,37.93,700.0,2.03,20:51:41
71,53,33,47,19.31,0,37.93,700.0,2.03,20:51:51
71,53,33,48,19.31,0,37.39,700.0,2.03,20:52:00
71,54,33,47,19.31,0,37.93,700.0,2.03,20:52:09
71,54,33,47,19.31,0,37.39,700.0,2.03,20:52:18
71,53,33,48,19.31,0,37.39,700.0,2.03,20:52:28
71,54,33,47,19.31,0,36.86,700.0,2.03,20:52:37
71,54,32,48,19.31,0,37.39,700.0,2.03,20:52:46
71,54,32,48,19.31,0,37.93,700.0,2.03,20:52:54
71,54,32,47,19.31,0,37.39,700.0,2.03,20:53:03
71,54,32,48,19.31,0,37.93,700.0,2.03,20:53:13
71,53,32,47,19.31,0,37.93,700.0,2.03,20:53:24
71,53,32,47,19.31,0,36.86,700.0,2.03,20:53:33
71,53,32,48,19.31,0,37.93,700.0,2.03,20:53:45
71,53,32,48,19.31,0,37.93,700.0,2.03,20:53:54
71,53,32,48,19.31,0,37.93,700.0,2.03,20:54:04
70,53,32,48,19.31,0,37.93,700.0,2.03,20:54:13
71,53,32,48,19.31,-1,36.86,700.0,2.03,20:54:22
71,53,32,48,19.31,0,37.39,700.0,2.03,20:54:30
71,54,32,48,19.25,0,36.86,700.0,2.03,20:54:39
70,54,32,48,19.31,0,37.39,700.0,2.03,20:54:48
71,54,31,48,19.31,-1,37.93,700.0,2.03,20:54:58
71,53,31,48,19.25,0,37.39,700.0,2.03,20:55:07
71,54,32,48,19.31,0,37.93,700.0,2.03,20:55:16
71,54,31,47,19.25,0,37.93,700.0,2.03,20:55:28
71,54,31,48,19.31,0,37.39,700.0,2.03,20:55:37
71,54,31,48,19.31,0,37.39,700.0,2.03,20:55:46
71,54,31,48,19.31,0,37.39,700.0,2.03,20:55:54
71,54,32,48,19.31,0,37.93,700.0,2.03,20:56:05
71,54,31,48,19.25,0,37.39,700.0,2.03,20:56:14
71,53,31,48,19.25,0,36.86,700.0,2.03,20:56:22
71,53,31,47,19.25,0,37.39,700.0,2.03,20:56:33
71,53,31,47,19.31,0,36.86,700.0,2.03,20:56:41
70,53,31,47,19.31,0,36.86,700.0,2.03,20:56:50
71,53,31,48,19.31,-1,37.93,700.0,2.03,20:57:01
71,53,32,47,19.31,0,37.39,700.0,2.03,20:57:09
71,53,31,47,19.31,0,37.39,700.0,2.03,20:57:18
71,53,31,47,19.31,0,37.93,700.0,2.03,20:57:27
71,53,31,47,19.25,0,37.39,700.0,2.03,20:57:36
71,53,31,48,19.31,0,36.86,700.0,2.03,20:57:44
71,53,31,48,19.25,0,36.86,700.0,2.03,20:57:53
71,53,31,48,19.31,0,37.93,700.0,2.03,20:58:02
71,53,31,48,19.31,0,37.39,700.0,2.03,20:58:10
71,53,31,48,19.31,0,36.86,700.0,2.03,20:58:19
71,53,31,47,19.25,0,37.39,700.0,2.03,20:58:28
71,54,32,47,19.25,0,36.86,700.0,2.03,20:58:37
71,53,31,48,19.25,0,36.86,700.0,2.03,20:58:45
71,53,31,48,19.25,0,36.86,700.0,2.03,20:58:54
71,53,31,48,19.25,0,36.86,700.0,2.03,20:59:03
71,53,31,48,19.25,0,36.86,700.0,2.03,20:59:11
71,53,31,47,19.25,0,36.86,700.0,2.03,20:59:20
71,54,31,48,19.31,0,37.39,700.0,2.03,20:59:29
71,53,31,47,19.31,0,37.39,700.0,2.03,20:59:38
71,53,31,47,19.25,0,36.86,800.0,2.03,20:59:48
71,53,31,48,19.25,0,36.86,700.0,2.03,20:59:57
71,54,31,48,19.25,0,36.86,700.0,2.03,21:00:05
71,53,32,48,19.25,0,37.39,700.0,2.03,21:00:14
70,54,31,48,19.25,0,36.86,700.0,2.03,21:00:23
71,53,31,48,19.25,-1,37.39,700.0,2.03,21:00:32
71,53,31,47,19.31,0,36.86,700.0,2.03,21:00:40
71,53,31,47,19.25,0,36.86,700.0,2.03,21:00:51
71,53,31,48,19.25,0,36.86,700.0,2.03,21:00:59
71,53,31,48,19.25,0,37.39,700.0,2.03,21:01:10
71,54,31,48,19.31,0,36.86,700.0,2.03,21:01:18
71,53,31,47,19.31,0,36.86,700.0,2.03,21:01:27
71,53,31,47,19.25,0,36.86,700.0,2.03,21:01:36
71,53,31,47,19.25,0,37.39,800.0,2.03,21:01:45
71,53,32,47,19.25,0,37.39,700.0,2.03,21:01:55
71,53,32,47,19.25,0,37.39,700.0,2.03,21:02:05
71,53,31,47,19.25,0,37.93,700.0,2.03,21:02:14
71,53,32,47,19.25,0,37.39,700.0,2.03,21:02:23
71,53,32,48,19.25,0,36.86,700.0,2.03,21:02:32
71,53,32,48,19.25,0,37.93,700.0,2.03,21:02:40
71,53,32,48,19.25,0,37.93,700.0,2.03,21:02:50
71,53,32,47,19.25,0,37.39,700.0,2.03,21:02:59
71,53,32,48,19.25,0,37.93,700.0,2.03,21:03:08
70,53,32,48,19.25,0,37.93,700.0,2.03,21:03:17
70,53,32,47,19.25,-1,36.86,700.0,2.03,21:03:25
71,53,33,48,19.25,-1,37.93,700.0,2.03,21:03:36
71,53,32,48,19.25,0,37.39,700.0,2.03,21:03:44
71,53,32,47,19.25,0,37.39,700.0,2.03,21:03:53
71,53,32,47,19.25,0,36.86,700.0,2.03,21:04:02
71,53,33,48,19.25,0,37.39,700.0,2.03,21:04:11
71,53,32,48,19.25,0,36.86,700.0,2.03,21:04:19
71,53,33,48,19.25,0,37.93,700.0,2.03,21:04:30
71,53,32,48,19.25,0,36.86,700.0,2.03,21:04:40
71,53,32,47,19.25,0,37.93,700.0,2.03,21:04:51
71,53,32,47,19.25,0,36.86,700.0,2.03,21:05:00
71,53,32,48,19.25,0,37.39,700.0,2.03,21:05:08
71,53,32,48,19.25,0,37.39,700.0,2.03,21:05:17
71,53,32,47,19.25,0,37.93,700.0,2.03,21:05:28
71,53,33,48,19.25,0,37.39,700.0,2.03,21:05:36
71,53,32,48,19.25,0,37.39,700.0,2.03,21:05:45
70,53,32,48,19.25,0,36.86,700.0,2.03,21:05:54
70,53,32,47,19.25,-1,37.93,1000.0,2.03,21:06:03
70,53,32,47,19.25,-1,37.93,700.0,2.03,21:06:13
71,53,32,47,19.25,-1,37.93,700.0,2.03,21:06:24
71,53,32,48,19.25,0,37.93,700.0,2.03,21:06:32
71,53,32,47,19.25,0,37.93,700.0,2.03,21:06:41
71,53,32,47,19.25,0,37.93,700.0,2.03,21:06:50
70,53,32,47,19.25,0,37.39,700.0,2.03,21:06:58
71,53,32,48,19.25,-1,36.86,700.0,2.03,21:07:07
71,53,32,47,19.25,0,37.93,700.0,2.03,21:07:16
71,53,32,48,19.25,0,37.93,800.0,2.03,21:07:26
71,53,32,47,19.25,0,37.93,700.0,2.03,21:07:37
71,53,32,48,19.25,0,37.39,700.0,2.03,21:07:45
71,53,32,47,19.25,0,37.93,700.0,2.03,21:07:54
71,53,32,47,19.25,0,36.86,700.0,2.03,21:08:03
71,53,32,47,19.25,0,36.86,700.0,2.03,21:08:12
71,53,32,47,19.25,0,37.93,700.0,2.03,21:08:20
71,53,32,47,19.25,0,37.93,700.0,2.03,21:08:29
70,53,32,48,19.25,0,37.93,700.0,2.03,21:08:40
71,53,32,47,19.25,-1,36.86,700.0,2.03,21:08:48
71,53,32,47,19.25,0,37.93,700.0,2.03,21:08:57
71,53,32,47,19.25,0,37.39,700.0,2.03,21:09:06
71,53,32,47,19.25,0,37.39,700.0,2.03,21:09:14
71,53,32,47,19.25,0,37.39,700.0,2.03,21:09:23
71,53,32,47,19.25,0,37.93,700.0,2.03,21:09:32
71,53,32,47,19.25,0,37.93,700.0,2.03,21:09:41
71,53,31,47,19.25,0,37.39,700.0,2.03,21:09:49
71,53,32,47,19.25,0,37.39,700.0,2.03,21:09:58
71,53,31,47,19.25,0,36.86,700.0,2.03,21:10:07
71,53,31,47,19.25,0,36.86,700.0,2.03,21:10:15
71,53,31,47,19.25,0,36.86,700.0,2.03,21:10:24
71,53,32,48,19.25,0,37.39,700.0,2.03,21:10:33
71,53,31,47,19.25,0,37.39,700.0,2.03,21:10:42
71,53,31,47,19.25,0,37.39,700.0,2.03,21:10:50
71,53,32,47,19.25,0,36.86,700.0,2.03,21:10:59
71,53,31,47,19.25,0,37.39,700.0,2.03,21:11:08
71,53,32,47,19.25,0,37.39,700.0,2.03,21:11:16
70,53,31,47,19.25,0,36.86,700.0,2.03,21:11:25
71,53,31,47,19.25,-1,36.86,700.0,2.03,21:11:34
71,53,32,47,19.25,0,37.93,700.0,2.03,21:11:44
71,53,31,47,19.25,0,38.47,700.0,2.03,21:11:57
71,53,31,47,19.25,0,38.47,700.0,2.03,21:12:07
71,53,32,47,19.25,0,38.47,700.0,2.03,21:12:16
71,53,32,47,19.25,0,37.93,700.0,2.03,21:12:26
71,53,32,47,19.25,0,37.93,700.0,2.03,21:12:35
71,53,31,47,19.25,0,38.47,700.0,2.03,21:12:45
71,53,32,47,19.25,0,37.93,700.0,2.03,21:12:56
71,53,32,47,19.25,0,37.93,700.0,2.03,21:13:04
71,52,31,47,19.25,0,37.39,700.0,2.03,21:13:13
71,52,31,47,19.25,0,37.93,700.0,2.03,21:13:22
71,53,32,48,19.25,0,37.93,700.0,2.03,21:13:32
71,53,31,47,19.25,0,37.93,700.0,2.03,21:13:41
71,53,32,47,19.25,0,37.93,700.0,2.03,21:13:50
71,53,31,47,19.25,0,37.93,700.0,2.03,21:14:00
71,53,32,47,19.25,0,37.39,700.0,2.03,21:14:09
71,53,32,47,19.25,0,37.93,700.0,2.03,21:14:17
71,53,32,47,19.25,0,37.93,700.0,2.03,21:14:26
71,53,32,47,19.25,0,37.39,700.0,2.03,21:14:35
71,53,31,47,19.25,0,37.39,700.0,2.03,21:14:44
71,53,32,47,19.25,0,37.93,700.0,2.03,21:14:52
71,53,32,47,19.25,0,37.39,700.0,2.03,21:15:01
71,53,32,47,19.25,0,36.86,700.0,2.03,21:15:10
71,53,32,47,19.25,0,37.39,700.0,2.03,21:15:18
71,53,32,47,19.25,0,37.39,700.0,2.03,21:15:27
71,53,32,47,19.25,0,37.39,700.0,2.03,21:15:36
71,53,32,47,19.25,0,36.86,700.0,2.03,21:15:45
71,53,31,47,19.25,0,36.86,700.0,2.03,21:15:53
71,53,32,47,19.25,0,36.86,700.0,2.03,21:16:02
71,53,31,47,19.25,0,37.39,700.0,2.03,21:16:11
70,53,32,47,19.25,0,36.86,700.0,2.03,21:16:21
71,53,32,47,19.25,-1,36.86,700.0,2.03,21:16:30
71,53,32,47,19.25,0,37.39,700.0,2.03,21:16:38
71,53,31,47,19.25,0,37.93,700.0,2.03,21:16:47
71,53,32,47,19.25,0,37.39,700.0,2.03,21:16:56
71,53,32,47,19.25,0,36.86,700.0,2.03,21:17:06
71,53,32,47,19.25,0,37.93,700.0,2.03,21:17:18
71,53,31,47,19.25,0,37.93,700.0,2.03,21:17:27
71,53,32,47,19.25,0,37.39,700.0,2.03,21:17:36
71,53,32,47,19.25,0,36.86,700.0,2.03,21:17:45
71,53,31,47,19.25,0,36.86,700.0,2.03,21:17:55
71,53,31,47,19.25,0,36.86,700.0,2.03,21:18:04
71,53,31,47,19.25,0,36.86,700.0,2.03,21:18:12
71,53,31,47,19.25,0,37.39,700.0,2.03,21:18:21
71,53,31,47,19.25,0,37.39,700.0,2.03,21:18:32
71,53,31,47,19.25,0,37.39,700.0,2.03,21:18:40
71,53,31,47,19.25,0,37.93,700.0,2.03,21:18:51
71,53,31,47,19.25,0,37.39,700.0,2.03,21:18:59
71,53,31,47,19.25,0,37.39,700.0,2.03,21:19:08
71,53,31,47,19.25,0,36.86,700.0,2.03,21:19:17
71,53,31,47,19.25,0,36.86,700.0,2.03,21:19:25
71,53,31,47,19.25,0,36.86,700.0,2.03,21:19:34
71,53,31,47,19.25,0,37.39,700.0,2.03,21:19:44
71,53,31,47,19.25,0,37.93,700.0,2.03,21:19:55
71,52,32,47,19.25,0,36.86,700.0,2.03,21:20:05
71,53,32,47,19.25,0,36.86,700.0,2.03,21:20:14
71,52,32,48,19.25,0,37.39,700.0,2.03,21:20:24
71,52,32,47,19.25,0,36.86,700.0,2.03,21:20:33
71,53,32,47,19.25,0,36.86,700.0,2.03,21:20:42
71,53,32,47,19.25,0,37.39,700.0,2.03,21:20:50
71,53,32,47,19.25,0,36.86,700.0,2.03,21:20:59
71,53,32,48,19.25,0,37.39,700.0,2.03,21:21:10
71,52,32,47,19.25,0,36.86,700.0,2.03,21:21:18
71,52,32,47,19.25,0,36.86,700.0,2.03,21:21:27
71,53,32,48,19.25,0,36.86,700.0,2.03,21:21:36
71,53,32,47,19.25,0,36.86,700.0,2.03,21:21:44
71,53,32,48,19.25,0,36.86,700.0,2.03,21:21:53
71,52,32,47,19.25,0,36.86,700.0,2.03,21:22:02
71,53,31,47,19.25,0,36.86,700.0,2.03,21:22:11
71,53,32,47,19.25,0,36.86,700.0,2.03,21:22:19
71,53,32,47,19.25,0,37.39,700.0,2.03,21:22:30
71,53,32,47,19.25,0,37.39,700.0,2.03,21:22:38
71,52,32,47,19.25,0,36.86,700.0,2.03,21:22:47
71,52,32,47,19.25,0,36.86,700.0,2.03,21:22:56
71,53,32,47,19.25,0,37.39,700.0,2.03,21:23:06
71,53,32,47,19.25,0,36.86,700.0,2.03,21:23:15
71,53,32,47,19.25,0,36.86,700.0,2.03,21:23:24
71,52,32,47,19.25,0,36.86,700.0,2.03,21:23:32
71,53,31,47,19.25,0,37.39,700.0,2.03,21:23:43
71,52,32,47,19.25,0,36.86,700.0,2.03,21:23:52
71,53,32,47,19.25,0,36.86,700.0,2.03,21:24:00
71,53,32,47,19.25,0,36.86,700.0,2.03,21:24:09
71,53,32,47,19.25,0,36.86,700.0,2.03,21:24:18
71,53,32,47,19.25,0,36.32,700.0,2.03,21:24:27
71,53,32,47,19.25,0,36.86,700.0,2.03,21:24:35
71,53,32,47,19.25,0,36.86,700.0,2.03,21:24:44
71,53,32,47,19.25,0,36.86,700.0,2.03,21:24:53
71,53,32,47,19.25,0,36.86,700.0,2.03,21:25:02
71,53,32,48,19.25,0,36.86,700.0,2.03,21:25:10
71,53,32,47,19.25,0,36.86,700.0,2.03,21:25:21
71,53,32,47,19.25,0,37.39,700.0,2.03,21:25:31
71,53,32,47,19.25,0,36.86,700.0,2.03,21:25:40
71,53,33,48,19.25,0,36.86,700.0,2.03,21:25:48
71,53,32,48,19.25,0,36.86,700.0,2.03,21:25:57
71,53,32,47,19.25,0,36.86,700.0,2.03,21:26:07
71,53,32,47,19.25,0,36.86,700.0,2.03,21:26:16
71,53,32,47,19.25,0,37.39,700.0,2.03,21:26:25
71,53,32,47,19.25,0,36.86,700.0,2.03,21:26:34
71,53,33,47,19.25,0,36.86,700.0,2.03,21:26:42
71,53,33,47,19.25,0,37.39,700.0,2.03,21:26:51
71,53,32,47,19.25,0,36.86,700.0,2.03,21:27:00
71,53,32,47,19.19,0,36.32,700.0,2.03,21:27:08
70,53,32,47,19.25,0,36.86,700.0,2.03,21:27:17
71,53,32,47,19.25,-1,36.86,700.0,2.03,21:27:26
71,53,32,47,19.25,0,36.32,700.0,2.03,21:27:35
71,52,33,47,19.25,0,36.86,700.0,2.03,21:27:43
71,53,33,47,19.25,0,36.32,700.0,2.03,21:27:52
71,52,32,47,19.25,0,36.86,700.0,2.03,21:28:01
71,53,33,47,19.25,0,36.86,700.0,2.03,21:28:09
70,52,33,47,19.25,0,36.86,700.0,2.03,21:28:20
70,53,33,47,19.19,-1,36.86,700.0,2.03,21:28:28
71,53,32,48,19.25,-1,37.39,700.0,2.03,21:28:41
71,53,33,48,19.25,0,36.86,700.0,2.03,21:28:50
71,53,33,47,19.19,0,36.86,700.0,2.03,21:28:58
71,53,33,47,19.25,0,36.32,700.0,2.03,21:29:07
71,53,33,47,19.19,0,36.86,700.0,2.03,21:29:16
70,53,33,47,19.25,0,36.32,700.0,2.03,21:29:24
71,53,33,48,19.25,-1,36.86,700.0,2.03,21:29:33
71,53,33,47,19.25,0,36.86,700.0,2.03,21:29:42
71,53,32,47,19.25,0,36.86,700.0,2.03,21:29:51
71,54,33,47,19.19,0,36.86,700.0,2.03,21:29:59
71,53,33,47,19.25,0,36.86,700.0,2.03,21:30:10
71,53,32,47,19.19,0,36.86,700.0,2.03,21:30:19
71,53,33,48,19.25,0,36.86,700.0,2.03,21:30:29
71,53,32,48,19.19,0,36.86,700.0,2.03,21:30:38
71,54,32,47,19.19,0,36.86,700.0,2.03,21:30:46
71,54,32,48,19.19,0,36.86,700.0,2.03,21:30:55
71,53,32,48,19.19,0,36.32,700.0,2.03,21:31:04
71,53,32,47,19.19,0,36.86,700.0,2.03,21:31:13
71,53,33,47,19.19,0,36.86,700.0,2.03,21:31:21
71,53,32,47,19.19,0,36.86,700.0,2.03,21:31:30
71,53,32,47,19.25,0,36.86,700.0,2.03,21:31:39
71,53,32,48,19.19,0,36.86,700.0,2.03,21:31:48
71,53,32,47,19.25,0,36.86,700.0,2.03,21:31:56
71,53,32,47,19.19,0,36.86,700.0,2.03,21:32:05
71,53,32,47,19.19,0,36.86,700.0,2.03,21:32:14
71,53,32,48,19.19,0,36.86,700.0,2.03,21:32:22
71,53,32,48,19.25,0,36.86,700.0,2.03,21:32:31
71,53,33,48,19.19,0,36.86,700.0,2.03,21:32:41
71,53,32,48,19.25,0,36.32,700.0,2.03,21:32:50
71,53,32,48,19.19,0,36.86,700.0,2.03,21:32:59
71,53,32,48,19.19,0,36.86,700.0,2.03,21:33:08
71,53,33,47,19.19,0,36.86,700.0,2.03,21:33:16
71,53,32,47,19.19,0,36.86,700.0,2.03,21:33:25
71,53,33,47,19.19,0,37.39,700.0,2.03,21:33:36
71,53,32,47,19.19,0,37.39,700.0,2.03,21:33:46
71,53,32,47,19.19,0,36.86,700.0,2.03,21:33:55
71,53,32,48,19.19,0,37.93,700.0,2.03,21:34:05
71,53,32,47,19.19,0,36.86,700.0,2.03,21:34:14
71,54,32,47,19.19,0,36.86,700.0,2.03,21:34:23
71,53,32,47,19.25,0,36.86,700.0,2.03,21:34:31
71,53,32,47,19.19,0,37.39,700.0,2.03,21:34:40
71,53,32,48,19.19,0,36.86,700.0,2.03,21:34:49
71,54,32,47,19.19,0,36.86,700.0,2.03,21:34:58
71,53,32,48,19.19,0,36.86,700.0,2.03,21:35:06
71,53,32,48,19.19,0,36.86,700.0,2.03,21:35:17
71,53,32,47,19.19,0,36.86,700.0,2.03,21:35:27
71,53,33,47,19.19,0,37.39,700.0,2.03,21:35:36
71,53,32,47,19.19,0,36.86,700.0,2.03,21:35:45
71,53,32,47,19.19,0,36.86,700.0,2.03,21:35:53
71,53,33,48,19.19,0,36.86,700.0,2.03,21:36:02
71,53,32,47,19.19,0,35.78,700.0,2.03,21:36:11
71,53,32,47,19.19,0,37.39,700.0,2.03,21:36:21
71,53,32,47,19.19,0,36.86,700.0,2.03,21:36:30
71,53,33,47,19.19,0,36.86,700.0,2.03,21:36:40
70,53,32,47,19.19,0,37.39,700.0,2.03,21:36:49
71,54,32,47,19.19,-1,36.86,700.0,2.03,21:36:58
71,54,32,47,19.19,0,36.86,700.0,2.03,21:37:06
71,54,32,47,19.19,0,36.86,700.0,2.03,21:37:15
71,54,32,48,19.19,0,36.86,700.0,2.03,21:37:26
71,54,32,48,19.19,0,36.86,700.0,2.03,21:37:34
71,54,32,47,19.19,0,37.39,700.0,2.03,21:37:43
71,54,32,48,19.19,0,36.86,700.0,2.03,21:37:52
71,48,32,47,19.19,0,37.39,700.0,2.03,21:38:01
71,54,32,47,19.19,0,36.86,700.0,2.03,21:38:09
71,53,32,47,19.19,0,36.86,700.0,2.03,21:38:18
71,54,32,48,19.19,0,36.86,700.0,2.03,21:38:27
71,54,32,48,19.19,0,36.86,800.0,2.03,21:38:35
71,54,32,47,19.19,0,36.86,700.0,2.03,21:38:44
71,54,32,48,19.19,0,37.39,700.0,2.03,21:38:55
71,54,32,47,19.19,0,37.39,700.0,2.03,21:39:05
71,54,32,47,19.19,0,37.39,700.0,2.03,21:39:14
71,54,32,47,19.19,0,36.86,700.0,2.03,21:39:23
71,54,32,48,19.19,0,37.39,700.0,2.03,21:39:33
71,54,32,48,19.19,0,36.86,700.0,2.03,21:39:42
71,54,32,47,19.19,0,37.93,700.0,2.03,21:39:52
71,54,32,48,19.19,0,37.39,700.0,2.03,21:40:01
71,54,32,48,19.19,0,37.93,700.0,2.03,21:40:12
71,54,32,48,19.19,0,37.39,700.0,2.03,21:40:20
71,54,32,47,19.19,0,37.93,700.0,2.03,21:40:29
71,54,32,47,19.19,0,36.32,700.0,2.03,21:40:38
71,54,32,48,19.19,0,36.86,700.0,2.03,21:40:47
71,54,32,47,19.19,0,37.39,700.0,2.03,21:40:55
71,53,32,48,19.19,0,36.86,700.0,2.03,21:41:04
71,54,32,47,19.19,0,36.86,700.0,2.03,21:41:13
71,53,32,47,19.19,0,36.86,700.0,2.03,21:41:21
71,53,32,47,19.19,0,37.39,700.0,2.03,21:41:30
71,53,32,47,19.19,0,36.86,700.0,2.03,21:41:39
71,53,32,47,19.19,0,36.86,700.0,2.03,21:41:48
71,53,32,47,19.19,0,36.86,700.0,2.03,21:41:56
71,54,32,47,19.19,0,36.32,700.0,2.03,21:42:05
71,53,32,47,19.19,0,36.86,700.0,2.03,21:42:14
71,53,32,48,19.19,0,36.86,700.0,2.03,21:42:22
71,53,32,48,19.19,0,36.86,700.0,2.03,21:42:31
71,53,32,48,19.19,0,37.39,700.0,2.03,21:42:40
71,53,32,47,19.19,0,36.86,700.0,2.03,21:42:49
71,53,32,47,19.19,0,36.86,700.0,2.03,21:42:57
71,54,32,47,19.19,0,36.32,700.0,2.03,21:43:06
71,54,32,48,19.19,0,36.32,700.0,2.03,21:43:15
71,54,32,47,19.19,0,36.86,700.0,2.03,21:43:24
71,53,32,47,19.19,0,36.86,700.0,2.03,21:43:32
71,53,32,47,19.19,0,36.86,700.0,2.03,21:43:41
71,53,32,48,19.19,0,36.86,700.0,2.03,21:43:51
71,53,32,48,19.19,0,36.86,700.0,2.03,21:44:02
71,54,32,48,19.19,0,36.86,700.0,2.03,21:44:10
71,53,32,47,19.19,0,36.86,700.0,2.03,21:44:21
71,53,32,47,19.19,0,37.39,700.0,2.03,21:44:30
71,53,32,47,19.19,0,37.39,700.0,2.03,21:44:39
71,53,32,47,19.19,0,37.39,700.0,2.03,21:44:47
71,53,32,48,19.19,0,36.86,700.0,2.03,21:44:56
71,54,33,48,19.19,0,36.32,700.0,2.03,21:45:05
71,53,32,48,19.19,0,36.86,700.0,2.03,21:45:13
71,53,33,47,19.19,0,36.86,700.0,2.03,21:45:22
71,53,32,48,19.19,0,36.32,700.0,2.03,21:45:31
71,53,32,48,19.19,0,36.86,700.0,2.03,21:45:41
71,53,33,48,19.19,0,36.86,700.0,2.03,21:45:50
71,53,32,48,19.19,0,36.32,700.0,2.03,21:46:00
71,54,33,48,19.19,0,36.86,700.0,2.03,21:46:09
71,53,32,48,19.19,0,36.86,700.0,2.03,21:46:18
71,53,33,47,19.19,0,36.86,700.0,2.03,21:46:26
71,53,33,48,19.19,0,36.86,700.0,2.03,21:46:35
71,54,32,47,19.19,0,36.86,700.0,2.03,21:46:44
71,54,32,47,19.19,0,36.86,700.0,2.03,21:46:53
71,54,32,47,19.19,0,36.86,700.0,2.03,21:47:01
71,53,32,47,19.19,0,36.86,700.0,2.03,21:47:10
71,53,32,48,19.19,0,36.86,700.0,2.03,21:47:19
71,53,33,48,19.19,0,37.39,700.0,2.03,21:47:29
71,53,33,48,19.19,0,36.86,700.0,2.03,21:47:38
71,54,32,48,19.19,0,36.86,700.0,2.03,21:47:47
71,53,32,48,19.19,0,36.86,700.0,2.03,21:47:56
71,53,32,48,19.19,0,37.39,700.0,2.03,21:48:06
71,53,32,47,19.19,0,36.86,700.0,2.03,21:48:14
71,54,32,48,19.19,0,36.86,700.0,2.03,21:48:23
71,54,33,47,19.19,0,36.86,700.0,2.03,21:48:32
71,54,32,47,19.19,0,36.86,700.0,2.03,21:48:41
71,54,32,47,19.19,0,36.86,700.0,2.03,21:48:49
71,54,32,48,19.19,0,36.86,700.0,2.03,21:48:58
71,54,32,48,19.19,0,36.86,700.0,2.03,21:49:07
71,54,32,48,19.19,0,36.86,700.0,2.03,21:49:15
71,54,32,48,19.19,0,35.78,700.0,2.03,21:49:24
71,54,32,48,19.19,0,37.39,700.0,2.03,21:49:37
71,53,32,47,19.19,0,37.39,700.0,2.03,21:49:47
71,54,32,48,19.19,0,36.86,700.0,2.03,21:49:56
71,53,35,48,19.19,0,36.86,700.0,2.03,21:50:05
71,53,32,48,19.19,0,37.39,700.0,2.03,21:50:13
71,53,32,48,19.19,0,36.86,700.0,2.03,21:50:22
71,53,32,48,19.19,0,36.86,700.0,2.03,21:50:31
71,53,33,48,19.19,0,36.86,700.0,2.03,21:50:43
71,53,32,48,19.19,0,37.93,700.0,2.03,21:50:54
71,53,32,48,19.19,0,37.39,700.0,2.03,21:51:03
71,53,32,48,19.19,0,36.86,700.0,2.03,21:51:11
70,53,32,48,19.19,0,36.86,700.0,2.03,21:51:20
71,53,33,48,19.19,-1,36.32,700.0,2.03,21:51:29
71,53,32,48,19.19,0,36.86,700.0,2.03,21:51:38
71,53,32,47,19.19,0,36.32,700.0,2.03,21:51:46
71,53,33,47,19.19,0,36.86,700.0,2.03,21:51:57
71,53,33,48,19.19,0,36.86,700.0,2.03,21:52:06
71,53,33,48,19.19,0,36.86,700.0,2.03,21:52:14
71,53,33,48,19.19,0,37.39,700.0,2.03,21:52:25
71,53,33,48,19.19,0,37.39,700.0,2.03,21:52:34
71,53,33,47,19.19,0,36.86,700.0,2.03,21:52:42
71,53,32,47,19.19,0,36.86,700.0,2.03,21:52:51
71,53,33,47,19.19,0,36.86,700.0,2.03,21:53:00
71,53,32,48,19.19,0,36.32,700.0,2.03,21:53:08
71,53,32,48,19.19,0,36.32,700.0,2.03,21:53:17
71,53,32,47,19.19,0,36.86,700.0,2.03,21:53:27
71,53,32,48,19.19,0,36.86,700.0,2.03,21:53:36
71,53,33,48,19.19,0,36.86,700.0,2.03,21:53:45
71,53,32,48,19.19,0,36.86,700.0,2.03,21:53:54
71,53,32,48,19.19,0,36.86,700.0,2.03,21:54:02
71,53,32,48,19.19,0,36.86,700.0,2.03,21:54:11
71,53,32,48,19.19,0,36.86,700.0,2.03,21:54:20
71,53,33,48,19.19,0,36.86,700.0,2.03,21:54:28
71,53,33,47,19.19,0,36.86,700.0,2.03,21:54:37
71,53,32,48,19.19,0,36.32,700.0,2.03,21:54:46
71,53,32,47,19.19,0,36.86,700.0,2.03,21:54:56
71,53,32,48,19.19,0,37.39,700.0,2.03,21:55:05
71,53,32,47,19.19,0,37.93,1000.0,2.03,21:55:14
71,53,33,47,19.19,0,36.86,700.0,2.03,21:55:22
71,53,33,47,19.19,0,36.86,700.0,2.03,21:55:31
71,53,33,47,19.19,0,36.86,700.0,2.03,21:55:40
71,53,33,48,19.19,0,36.86,700.0,2.03,21:55:49
71,53,32,48,19.19,0,36.86,700.0,2.03,21:55:57
71,53,32,47,19.19,0,36.86,700.0,2.03,21:56:06
71,53,33,47,19.19,0,37.39,700.0,2.03,21:56:15
71,53,33,47,19.19,0,36.86,700.0,2.03,21:56:23
71,53,32,47,19.19,0,36.86,700.0,2.03,21:56:34
71,53,32,48,19.19,0,36.86,700.0,2.03,21:56:43
71,53,32,47,19.19,0,36.86,700.0,2.03,21:56:51
71,53,33,48,19.19,0,36.86,700.0,2.03,21:57:02
71,53,33,47,19.19,0,37.39,700.0,2.03,21:57:11
71,53,32,48,19.19,0,37.39,700.0,2.03,21:57:20
71,53,32,48,19.19,0,36.86,700.0,2.03,21:57:28
71,53,32,47,19.19,0,36.86,700.0,2.03,21:57:37
71,53,32,47,19.19,0,36.86,700.0,2.03,21:57:46
71,53,33,47,19.19,0,36.86,700.0,2.03,21:57:54
71,53,33,47,19.19,0,36.32,700.0,2.03,21:58:03
71,53,32,47,19.19,0,36.86,700.0,2.03,21:58:12
71,53,32,47,19.19,0,36.86,700.0,2.03,21:58:21
71,53,33,47,19.19,0,36.86,700.0,2.03,21:58:29
71,53,32,47,19.19,0,36.86,700.0,2.03,21:58:38
71,53,33,48,19.19,0,36.32,700.0,2.03,21:58:47
71,54,33,47,19.19,0,36.32,700.0,2.03,21:58:55
71,53,33,48,19.19,0,36.86,700.0,2.03,21:59:04
71,54,32,48,19.19,0,36.86,700.0,2.03,21:59:13
71,54,32,48,19.19,0,36.86,700.0,2.03,21:59:22
71,54,32,48,19.19,0,36.32,700.0,2.03,21:59:30
71,54,32,47,19.19,0,36.86,700.0,2.03,21:59:39
71,54,32,47,19.12,0,36.86,700.0,2.03,21:59:48
71,54,32,47,19.19,0,36.86,700.0,2.03,21:59:58
71,54,33,47,19.19,0,36.86,700.0,2.03,22:00:07
71,53,32,48,19.19,0,36.86,700.0,2.03,22:00:16
71,54,32,48,19.19,0,37.39,700.0,2.03,22:00:24
71,53,33,48,19.19,0,36.86,700.0,2.03,22:00:33
71,53,33,47,19.19,0,37.39,700.0,2.03,22:00:42
71,53,32,47,19.12,0,37.39,700.0,2.03,22:00:51
71,54,32,47,19.19,0,36.86,700.0,2.03,22:00:59
71,54,32,48,19.12,0,36.86,700.0,2.03,22:01:08
71,54,32,47,19.19,0,36.86,700.0,2.03,22:01:17
71,54,33,47,19.19,0,36.86,700.0,2.03,22:01:26
71,54,32,47,19.19,0,36.86,700.0,2.03,22:01:34
71,54,32,47,19.19,0,36.86,700.0,2.03,22:01:43
71,54,32,48,19.12,0,36.86,700.0,2.03,22:01:52
71,53,32,48,19.12,0,36.86,700.0,2.03,22:02:00
71,53,32,48,19.19,0,36.86,700.0,2.03,22:02:09
71,53,32,48,19.19,0,36.86,700.0,2.03,22:02:18
71,53,33,48,19.19,0,36.86,700.0,2.03,22:02:27
71,53,33,48,19.19,0,36.86,700.0,2.03,22:02:35
71,53,33,47,19.19,0,36.32,700.0,2.03,22:02:44
71,53,32,47,19.12,0,36.86,700.0,2.03,22:02:54
71,53,33,47,19.19,0,36.32,700.0,2.03,22:03:03
71,53,32,47,19.19,0,36.86,700.0,2.03,22:03:13
71,53,33,47,19.19,0,36.86,700.0,2.03,22:03:24
71,53,33,47,19.12,0,36.86,700.0,2.03,22:03:33
71,53,33,47,19.12,0,36.86,700.0,2.03,22:03:41
71,53,33,48,19.12,0,36.86,700.0,2.03,22:03:50
70,53,33,48,19.19,0,36.86,700.0,2.03,22:03:59
71,53,33,48,19.12,-1,36.86,700.0,2.03,22:04:08
71,52,33,47,19.12,0,36.86,700.0,2.03,22:04:16
71,53,33,47,19.12,0,36.86,700.0,2.03,22:04:25
71,52,33,47,19.12,0,36.86,700.0,2.03,22:04:34
71,53,33,47,19.12,0,36.32,700.0,2.03,22:04:42
71,53,33,47,19.12,0,36.32,700.0,2.03,22:04:51
71,53,33,47,19.12,0,36.86,700.0,2.03,22:05:00
71,53,33,48,19.12,0,36.86,700.0,2.03,22:05:09
71,53,33,47,19.12,0,36.86,800.0,2.03,22:05:17
71,53,33,47,19.12,0,36.32,700.0,2.03,22:05:26
71,53,33,48,19.12,0,36.86,700.0,2.03,22:05:35
71,52,48,47,19.12,0,36.32,700.0,2.03,22:05:44
71,53,33,47,19.12,0,36.32,700.0,2.03,22:05:52
71,53,33,47,19.12,0,36.32,700.0,2.03,22:06:01
71,53,33,47,19.12,0,36.32,700.0,2.03,22:06:10
71,53,33,47,19.12,0,36.32,700.0,2.03,22:06:18
71,53,33,47,19.12,0,36.32,700.0,2.03,22:06:27
71,53,32,47,19.12,0,36.86,700.0,2.03,22:06:36
71,53,33,47,19.12,0,36.86,800.0,2.03,22:06:45
71,53,32,47,19.12,0,36.32,700.0,2.03,22:06:53
71,53,32,47,19.19,0,36.86,1000.0,2.03,22:07:04
71,53,32,48,19.12,0,37.93,700.0,2.03,22:07:16
71,53,32,47,19.12,0,36.86,700.0,2.03,22:07:25
71,53,32,47,19.12,0,37.39,700.0,2.03,22:07:34
71,53,32,47,19.12,0,36.86,700.0,2.03,22:07:44
71,53,32,47,19.12,0,36.86,700.0,2.03,22:07:53
71,53,32,48,19.19,0,36.86,700.0,2.03,22:08:01
71,53,32,47,19.12,0,36.86,700.0,2.03,22:08:10
71,53,32,47,19.12,0,36.86,700.0,2.03,22:08:19
71,53,32,48,19.12,0,36.86,700.0,2.03,22:08:28
71,53,32,47,19.12,0,36.86,700.0,2.03,22:08:36
71,53,32,47,19.12,0,36.32,700.0,2.03,22:08:45
71,53,32,48,19.12,0,36.32,700.0,2.03,22:08:54
71,54,32,48,19.12,0,36.86,700.0,2.03,22:09:02
71,53,32,48,19.12,0,36.86,700.0,2.03,22:09:11
71,53,32,47,19.12,0,36.86,700.0,2.03,22:09:22
71,53,32,47,19.12,0,36.86,700.0,2.03,22:09:30
71,53,32,48,19.12,0,36.32,700.0,2.03,22:09:39
71,53,32,47,19.12,0,36.86,700.0,2.03,22:09:48
71,53,32,48,19.12,0,36.86,700.0,2.03,22:09:58
71,53,32,47,19.12,0,36.86,700.0,2.03,22:10:07
71,53,32,47,19.12,0,36.86,700.0,2.03,22:10:16
71,53,32,47,19.12,0,36.86,700.0,2.03,22:10:24
71,53,32,48,19.12,0,36.86,700.0,2.03,22:10:33
71,53,32,47,19.12,0,36.32,700.0,2.03,22:10:42
71,53,33,47,19.12,0,36.32,700.0,2.03,22:10:51
71,53,32,47,19.12,0,36.86,700.0,2.03,22:10:59
71,53,32,48,19.12,0,36.86,700.0,2.03,22:11:08
71,53,32,47,19.12,0,36.86,700.0,2.03,22:11:17
71,53,32,47,19.12,0,35.78,700.0,2.03,22:11:25
71,53,33,47,19.12,0,36.32,700.0,2.03,22:11:36
71,53,32,47,19.12,0,36.86,700.0,2.03,22:11:44
71,53,32,47,19.12,0,37.39,700.0,2.03,22:11:55
71,53,32,47,19.12,0,36.32,700.0,2.03,22:12:04
71,53,32,47,19.12,0,36.86,700.0,2.03,22:12:12
71,53,32,47,19.12,0,36.86,700.0,2.03,22:12:21
71,53,32,47,19.12,0,36.86,700.0,2.03,22:12:30
71,53,32,47,19.12,0,37.39,700.0,2.03,22:12:38
71,53,32,47,19.12,0,36.32,700.0,2.03,22:12:47
71,53,32,47,19.12,0,36.86,700.0,2.03,22:12:56
71,53,33,47,19.12,0,36.32,700.0,2.03,22:13:05
71,53,33,47,19.12,0,36.32,700.0,2.03,22:13:13
71,53,32,47,19.12,0,36.86,700.0,2.03,22:13:22
71,53,33,47,19.12,0,36.86,700.0,2.03,22:13:31
71,54,32,47,19.12,0,36.32,700.0,2.03,22:13:39
71,54,32,47,19.12,0,36.32,700.0,2.03,22:13:48
71,53,33,47,19.12,0,36.86,700.0,2.03,22:13:59
71,53,32,47,19.12,0,36.86,700.0,2.03,22:14:07
71,53,33,47,19.12,0,36.86,700.0,2.03,22:14:18
71,53,32,47,19.12,0,36.86,700.0,2.03,22:14:27
71,54,32,47,19.12,0,36.86,700.0,2.03,22:14:35
71,53,33,47,19.12,0,36.32,700.0,2.03,22:14:44
71,53,33,47,19.12,0,36.86,700.0,2.03,22:14:53
71,53,32,47,19.12,0,36.86,700.0,2.03,22:15:03
71,53,32,47,19.12,0,36.32,700.0,2.03,22:15:12
71,53,33,47,19.12,0,37.39,700.0,2.03,22:15:22
71,53,32,50,19.12,0,36.86,700.0,2.03,22:15:31
71,53,33,47,19.12,0,36.86,700.0,2.03,22:15:40
71,53,33,47,19.12,0,35.78,700.0,2.03,22:15:48
71,53,32,47,19.12,0,37.93,700.0,2.03,22:16:00
71,53,32,48,19.12,0,36.86,700.0,2.03,22:16:09
71,53,33,47,19.12,0,36.32,700.0,2.03,22:16:18
71,53,33,47,19.12,0,36.86,700.0,2.03,22:16:26
71,53,32,47,19.12,0,36.86,700.0,2.03,22:16:35
71,53,32,47,19.12,0,36.86,700.0,2.03,22:16:44
71,53,32,47,19.12,0,36.86,700.0,2.03,22:16:53
71,53,32,47,19.12,0,36.86,1000.0,2.03,22:17:01
71,53,32,47,19.12,0,37.39,700.0,2.03,22:17:12
71,53,33,47,19.12,0,36.86,700.0,2.03,22:17:22
71,53,32,47,19.12,0,36.86,700.0,2.03,22:17:31
71,53,33,47,19.12,0,36.32,700.0,2.03,22:17:40
71,53,33,47,19.12,0,36.86,700.0,2.03,22:17:48
71,53,32,47,19.12,0,36.32,700.0,2.03,22:17:57
71,53,33,47,19.12,0,36.32,700.0,2.03,22:18:06
71,53,33,47,19.12,0,36.86,700.0,2.03,22:18:16
71,53,33,47,19.12,0,36.86,700.0,2.03,22:18:27
71,53,33,47,19.12,0,36.32,700.0,2.03,22:18:35
71,53,32,47,19.12,0,36.32,700.0,2.03,22:18:46
71,53,32,47,19.12,0,36.86,700.0,2.03,22:18:55
71,53,33,47,19.12,0,36.32,700.0,2.03,22:19:03
71,55,32,47,19.12,0,36.86,700.0,2.03,22:19:12
71,53,32,47,19.12,0,36.86,700.0,2.03,22:19:21
71,53,32,47,19.12,0,36.86,700.0,2.03,22:19:29
71,53,32,47,19.12,0,36.86,700.0,2.03,22:19:38
71,54,32,47,19.12,0,36.86,700.0,2.03,22:19:47
71,53,32,47,19.12,0,36.86,700.0,2.03,22:19:56
71,53,32,47,19.12,0,36.32,700.0,2.03,22:20:04
71,53,32,47,19.12,0,35.78,700.0,2.03,22:20:13
71,53,32,47,19.12,0,35.78,700.0,2.03,22:20:22
71,53,32,47,19.12,0,36.32,700.0,2.03,22:20:30
71,53,32,47,19.12,0,36.32,700.0,2.03,22:20:39
71,53,32,47,19.12,0,36.86,700.0,2.03,22:20:50
71,53,32,47,19.12,0,36.86,700.0,2.03,22:21:00
71,53,32,47,19.12,0,36.32,700.0,2.03,22:21:09
71,53,32,47,19.12,0,36.32,700.0,2.03,22:21:18
71,53,32,47,19.12,0,36.86,700.0,2.03,22:21:28
71,53,32,48,19.12,0,36.86,700.0,2.03,22:21:37
71,53,32,47,19.12,0,36.86,700.0,2.03,22:21:45
71,53,32,47,19.12,0,36.32,700.0,2.03,22:21:54
71,53,32,47,19.12,0,36.32,700.0,2.03,22:22:03
71,53,32,47,19.12,0,36.86,700.0,2.03,22:22:14
71,53,32,47,19.12,0,36.86,700.0,2.03,22:22:24
71,53,32,47,19.12,0,36.86,700.0,2.03,22:22:34
71,53,32,47,19.12,0,36.86,700.0,2.03,22:22:43
71,53,32,47,19.12,0,36.32,700.0,2.03,22:22:51
71,53,32,47,19.12,0,36.86,700.0,2.03,22:23:00
71,53,32,48,19.12,0,36.32,700.0,2.03,22:23:09
71,53,32,47,19.12,0,36.86,700.0,2.03,22:23:18
71,53,32,47,19.12,0,36.32,700.0,2.03,22:23:26
71,53,32,47,19.12,0,36.32,700.0,2.03,22:23:35
71,53,32,47,19.12,0,36.86,700.0,2.03,22:23:46
71,53,32,47,19.12,0,36.86,700.0,2.03,22:23:56
71,53,32,47,19.12,0,36.32,700.0,2.03,22:24:05
71,53,32,48,19.12,0,36.86,700.0,2.03,22:24:13
71,53,32,47,19.12,0,36.32,700.0,2.03,22:24:22
71,53,32,47,19.12,0,36.86,700.0,2.03,22:24:31
71,53,32,47,19.12,0,36.86,700.0,2.03,22:24:40
71,53,32,47,19.12,0,36.86,700.0,2.03,22:24:48
71,53,32,47,19.12,0,36.32,700.0,2.03,22:24:57
71,53,32,47,19.12,0,36.86,700.0,2.03,22:25:06
71,53,32,47,19.12,0,36.32,700.0,2.03,22:25:14
71,53,32,47,19.12,0,36.32,700.0,2.03,22:25:23
71,53,32,47,19.12,0,35.78,700.0,2.03,22:25:32
71,53,32,47,19.12,0,36.86,700.0,2.03,22:25:41
71,53,32,48,19.12,0,36.32,700.0,2.03,22:25:49
71,53,33,47,19.12,0,36.86,700.0,2.03,22:25:58
71,53,32,48,19.12,0,36.86,700.0,2.03,22:26:09
71,53,32,47,19.12,0,36.86,700.0,2.03,22:26:17
71,53,32,47,19.12,0,36.32,700.0,2.03,22:26:26
71,53,32,47,19.12,0,36.86,700.0,2.03,22:26:35
71,53,33,47,19.12,0,36.86,700.0,2.03,22:26:44
71,53,33,48,19.12,0,36.86,700.0,2.03,22:26:52
71,53,32,47,19.12,0,36.32,700.0,2.03,22:27:03
71,53,33,47,19.12,0,36.86,700.0,2.03,22:27:12
71,53,33,47,19.12,0,36.86,700.0,2.03,22:27:20
71,53,33,47,19.12,0,37.39,700.0,2.03,22:27:31
71,53,33,47,19.12,0,36.86,700.0,2.03,22:27:41
71,53,33,48,19.12,0,36.86,700.0,2.03,22:27:52
71,53,33,48,19.12,0,36.86,700.0,2.03,22:28:02
71,53,33,47,19.12,0,36.86,700.0,2.03,22:28:13
71,53,33,47,19.12,0,36.86,700.0,2.03,22:28:23
71,53,33,47,19.12,0,36.86,700.0,2.03,22:28:32
71,53,33,48,19.12,0,36.32,700.0,2.03,22:28:41
71,53,33,47,19.12,0,36.86,700.0,2.03,22:28:49
71,53,33,47,19.12,0,36.86,700.0,2.03,22:28:58
71,53,33,47,19.12,0,36.86,700.0,2.03,22:29:07
71,53,33,47,19.12,0,36.86,700.0,2.03,22:29:16
71,53,33,47,19.12,0,36.86,700.0,2.03,22:29:26
71,53,33,48,19.12,0,36.86,700.0,2.03,22:29:35
71,53,33,47,19.12,0,36.32,700.0,2.03,22:29:43
71,53,33,47,19.12,0,36.86,700.0,2.03,22:29:52
71,53,33,47,19.12,0,36.86,700.0,2.03,22:30:01
71,53,33,47,19.12,0,36.32,700.0,2.03,22:30:11
71,53,33,47,19.12,0,36.86,700.0,2.03,22:30:20
71,53,33,48,19.12,0,36.86,700.0,2.03,22:30:30
71,53,33,48,19.12,0,36.86,700.0,2.03,22:30:39
71,53,33,48,19.12,0,37.39,700.0,2.03,22:30:48
71,53,33,47,19.06,0,36.86,700.0,2.03,22:30:57
71,53,33,47,19.12,0,37.39,700.0,2.03,22:31:07
71,53,33,47,19.12,0,37.39,700.0,2.03,22:31:18
71,53,33,47,19.12,0,37.39,700.0,2.03,22:31:26
71,52,33,47,19.12,0,36.86,700.0,2.03,22:31:35
71,52,33,47,19.12,0,37.39,700.0,2.03,22:31:44
71,53,33,47,19.06,0,36.86,700.0,2.03,22:31:53
71,53,33,47,19.12,0,36.86,700.0,2.03,22:32:01
71,53,33,47,19.12,0,36.86,700.0,2.03,22:32:10
71,53,33,47,19.12,0,37.39,700.0,2.03,22:32:19
71,53,33,47,19.12,0,36.86,700.0,2.03,22:32:27
71,53,32,47,19.12,0,36.86,700.0,2.03,22:32:36
71,53,33,47,19.12,0,37.39,700.0,2.03,22:32:45
71,53,33,47,19.12,0,36.86,700.0,2.03,22:32:55
71,53,32,47,19.12,0,36.86,700.0,2.03,22:33:04
71,53,33,47,19.12,0,36.86,700.0,2.03,22:33:13
71,53,32,47,19.12,0,37.93,800.0,2.03,22:33:23
71,53,32,47,19.12,0,37.39,700.0,2.03,22:33:32
71,53,32,47,19.06,0,37.39,700.0,2.03,22:33:41
71,53,32,47,19.12,0,37.93,700.0,2.03,22:33:53
71,53,32,47,19.12,0,37.93,700.0,2.03,22:34:01
71,53,32,47,19.12,0,37.39,700.0,2.03,22:34:10
71,53,32,47,19.12,0,37.93,700.0,2.03,22:34:19
71,53,32,47,19.12,0,37.39,700.0,2.03,22:34:28
71,53,32,47,19.12,0,37.93,700.0,2.03,22:34:36
71,53,32,47,19.12,0,36.86,700.0,2.03,22:34:45
71,53,32,47,19.12,0,37.93,700.0,2.03,22:34:55
71,53,32,47,19.12,0,36.86,700.0,2.03,22:35:04
71,53,32,47,19.12,0,37.93,700.0,2.03,22:35:13
71,53,32,47,19.06,0,37.93,700.0,2.03,22:35:21
71,53,32,47,19.12,0,36.86,700.0,2.03,22:35:30
71,53,33,47,19.12,0,37.39,700.0,2.03,22:35:39
71,53,32,47,19.12,0,37.39,700.0,2.03,22:35:48
71,54,32,47,19.06,0,36.86,700.0,2.03,22:35:56
71,53,32,47,19.06,0,37.39,700.0,2.03,22:36:05
71,53,32,47,19.12,0,37.93,700.0,2.03,22:36:14
71,53,32,47,19.12,0,37.39,700.0,2.03,22:36:24
71,53,33,47,19.12,0,37.93,700.0,2.03,22:36:33
71,53,32,47,19.06,0,36.86,700.0,2.03,22:36:42
71,53,32,48,19.12,0,37.39,700.0,2.03,22:36:50
71,53,32,48,19.06,0,37.93,700.0,2.03,22:36:59
71,53,32,48,19.12,0,37.39,700.0,2.03,22:37:08
71,53,32,48,19.06,0,37.93,700.0,2.03,22:37:18
71,53,32,48,19.12,0,37.93,700.0,2.03,22:37:28
71,53,33,47,19.12,0,37.93,700.0,2.03,22:37:37
71,53,33,48,19.06,0,37.93,700.0,2.03,22:37:46
71,53,33,47,19.06,0,37.93,700.0,2.03,22:37:55
71,53,33,47,19.06,0,37.93,700.0,2.03,22:38:03
71,54,32,47,19.06,0,37.39,700.0,2.03,22:38:12
71,54,32,47,19.06,0,37.93,1000.0,2.03,22:38:22
71,53,32,47,19.06,0,37.39,700.0,2.03,22:38:31
71,53,32,47,19.06,0,37.93,700.0,2.03,22:38:40
71,53,33,48,19.06,0,37.93,700.0,2.03,22:38:50
71,53,32,48,19.06,0,37.93,700.0,2.03,22:38:59
71,53,32,48,19.12,0,37.93,700.0,2.03,22:39:09
71,53,33,48,19.12,0,37.39,700.0,2.03,22:39:18
71,53,32,47,19.12,0,37.93,700.0,2.03,22:39:27
71,53,33,47,19.06,0,37.39,700.0,2.03,22:39:36
71,53,33,47,19.12,0,37.39,700.0,2.03,22:39:44
71,53,33,47,19.12,0,37.39,700.0,2.03,22:39:53
71,53,32,47,19.06,0,37.93,700.0,2.03,22:40:02
71,53,32,48,19.06,0,37.39,700.0,2.03,22:40:10
71,53,32,48,19.06,0,37.93,700.0,2.03,22:40:19
71,53,32,48,19.12,0,36.86,700.0,2.03,22:40:28
71,53,32,47,19.12,0,37.39,700.0,2.03,22:40:37
71,53,32,48,19.12,0,36.86,700.0,2.03,22:40:45
71,53,32,47,19.12,0,37.39,700.0,2.03,22:40:54
71,53,33,48,19.06,0,37.39,700.0,2.03,22:41:03
71,53,33,48,19.06,0,37.93,700.0,2.03,22:41:11
71,53,32,48,19.06,0,37.93,700.0,2.03,22:41:22
71,53,33,48,19.06,0,37.93,700.0,2.03,22:41:32
71,52,32,48,19.06,0,37.93,700.0,2.03,22:41:41
71,53,32,47,19.06,0,37.39,700.0,2.03,22:41:50
71,53,32,47,19.06,0,37.93,700.0,2.03,22:41:59
71,53,32,48,19.12,0,37.93,700.0,2.03,22:42:09
71,53,32,47,19.06,0,37.39,700.0,2.03,22:42:18
71,53,32,47,19.06,0,37.93,700.0,2.03,22:42:26
71,53,32,47,19.06,0,37.93,700.0,2.03,22:42:37
71,53,32,48,19.06,0,38.47,700.0,2.03,22:42:47
71,53,32,48,19.06,0,38.47,700.0,2.03,22:42:56
71,53,32,47,19.06,0,37.39,700.0,2.03,22:43:06
71,53,32,47,19.06,0,37.93,700.0,2.03,22:43:15
71,53,32,47,19.06,0,37.93,700.0,2.03,22:43:24
71,53,33,47,19.06,0,37.93,700.0,2.03,22:43:32
71,53,32,47,19.06,0,37.39,700.0,2.03,22:43:41
71,53,32,48,19.06,0,37.93,700.0,2.03,22:43:50
71,53,32,47,19.06,0,37.93,700.0,2.03,22:43:59
71,53,32,47,19.06,0,37.93,700.0,2.03,22:44:07
71,53,32,48,19.06,0,37.39,700.0,2.03,22:44:16
71,53,32,47,19.06,0,37.39,700.0,2.03,22:44:25
71,53,32,47,19.06,0,37.39,700.0,2.03,22:44:33
71,53,32,47,19.06,0,37.39,700.0,2.03,22:44:42
71,53,32,47,19.06,0,37.93,700.0,2.03,22:44:51
71,53,32,48,19.06,0,37.93,700.0,2.03,22:45:00
71,53,32,47,19.06,0,37.93,700.0,2.03,22:45:08
71,53,32,47,19.06,0,37.93,700.0,2.03,22:45:17
71,53,32,48,19.06,0,36.86,700.0,2.03,22:45:26
71,52,32,48,19.06,0,37.39,700.0,2.03,22:45:34
71,53,32,48,19.06,0,37.93,700.0,2.03,22:45:43
71,52,32,47,19.06,0,38.47,700.0,2.03,22:45:54
71,52,31,47,19.06,0,36.86,700.0,2.03,22:46:02
70,52,32,48,19.06,0,37.93,700.0,2.03,22:46:11
71,52,32,47,19.06,-1,37.39,700.0,2.03,22:46:20
71,52,32,48,19.06,0,37.93,700.0,2.03,22:46:29
71,53,32,47,19.06,0,37.39,700.0,2.03,22:46:37
71,52,32,47,19.06,0,37.93,700.0,2.03,22:46:46
71,53,32,48,19.06,0,38.47,700.0,2.03,22:46:57
71,52,32,48,19.06,0,37.39,700.0,2.03,22:47:05
71,53,32,47,19.06,0,37.93,700.0,2.03,22:47:14
71,52,32,48,19.06,0,37.39,700.0,2.03,22:47:23
71,52,32,47,19.06,0,37.39,700.0,2.03,22:47:32
71,52,32,47,19.06,0,37.93,700.0,2.03,22:47:40
71,52,45,47,19.06,0,37.93,700.0,2.03,22:47:49
71,52,32,47,19.06,0,37.93,700.0,2.03,22:47:58
71,52,32,47,19.06,0,37.93,700.0,2.03,22:48:06
71,53,32,48,19.06,0,37.39,700.0,2.03,22:48:15
71,53,32,47,19.06,0,37.93,700.0,2.03,22:48:24
71,53,32,47,19.06,0,37.93,700.0,2.03,22:48:32
71,53,32,47,19.06,0,37.93,700.0,2.03,22:48:41
71,53,32,38,19.06,0,36.86,700.0,2.03,22:48:50
71,53,32,47,19.06,0,36.86,700.0,2.03,22:48:59
71,53,32,47,19.06,0,37.39,700.0,2.03,22:49:07
71,53,32,48,19.06,0,37.93,700.0,2.03,22:49:18
71,52,32,48,19.06,0,37.39,700.0,2.03,22:49:27
71,52,32,48,19.06,0,37.39,700.0,2.03,22:49:35
71,53,32,48,19.06,0,37.93,700.0,2.03,22:49:46
71,53,32,47,19.06,0,37.93,700.0,2.03,22:49:56
71,52,32,47,19.06,0,37.93,700.0,2.03,22:50:06
71,52,32,47,19.06,0,37.93,700.0,2.03,22:50:17
71,53,32,48,19.06,0,37.93,700.0,2.03,22:50:25
71,53,32,48,19.06,0,36.86,700.0,2.03,22:50:34
71,52,32,48,19.06,0,38.47,700.0,2.03,22:50:45
71,53,32,47,19.06,0,37.93,700.0,2.03,22:50:53
71,52,32,47,19.06,0,37.93,700.0,2.03,22:51:02
71,52,32,48,19.06,0,37.39,700.0,2.03,22:51:11
71,52,32,47,19.06,0,37.93,700.0,2.03,22:51:20
71,53,32,48,19.06,0,37.93,700.0,2.03,22:51:28
71,53,32,47,19.06,0,37.93,700.0,2.03,22:51:37
71,53,32,48,19.06,0,37.93,700.0,2.03,22:51:46
71,53,32,47,19.06,0,37.93,700.0,2.03,22:51:56
71,53,32,47,19.06,0,37.93,700.0,2.03,22:52:05
71,53,32,48,19.06,0,37.39,700.0,2.03,22:52:13
71,53,32,48,19.06,0,37.93,700.0,2.03,22:52:22
71,53,32,47,19.06,0,37.93,700.0,2.03,22:52:31
71,53,32,47,19.06,0,37.93,700.0,2.03,22:52:40
71,53,32,47,19.06,0,37.93,700.0,2.03,22:52:50
71,53,32,47,19.06,0,37.93,700.0,2.03,22:53:00
71,53,32,47,19.06,0,38.47,700.0,2.03,22:53:10
71,53,32,47,19.06,0,37.93,700.0,2.03,22:53:19
71,53,32,48,19.06,0,38.47,700.0,2.03,22:53:28
71,53,32,47,19.06,0,37.93,700.0,2.03,22:53:37
71,53,32,48,19.06,0,37.39,700.0,2.03,22:53:45
71,53,32,49,19.06,0,37.39,700.0,2.03,22:53:54
71,53,32,47,19.06,0,37.93,700.0,2.03,22:54:03
71,53,32,48,19.06,0,37.93,700.0,2.03,22:54:11
71,53,31,48,19.06,0,37.39,700.0,2.03,22:54:20
71,53,32,48,19.06,0,37.93,700.0,2.03,22:54:29
71,53,32,47,19.06,0,37.93,700.0,2.03,22:54:38
71,53,31,47,19.06,0,38.47,700.0,2.03,22:54:48
71,53,32,47,19.06,0,37.93,700.0,2.03,22:54:57
71,53,32,48,19.06,0,37.93,700.0,2.03,22:55:05
71,53,32,48,19.06,0,37.93,700.0,2.03,22:55:14
70,53,32,48,19.06,0,37.93,700.0,2.03,22:55:23
71,53,32,48,19.06,-1,37.93,700.0,2.03,22:55:32
71,52,32,48,19.06,0,37.93,700.0,2.03,22:55:40
71,52,32,47,19.06,0,37.93,700.0,2.03,22:55:49
71,53,32,47,19.06,0,37.39,700.0,2.03,22:55:58
71,52,32,47,19.06,0,38.47,700.0,2.03,22:56:08
71,53,32,47,19.06,0,37.93,700.0,2.03,22:56:17
71,52,32,48,19.06,0,37.93,700.0,2.03,22:56:26
71,53,32,48,19.06,0,37.93,700.0,2.03,22:56:35
71,52,32,48,19.06,0,37.93,700.0,2.03,22:56:43
71,53,32,47,19.06,0,37.39,700.0,2.03,22:56:52
71,52,32,48,19.06,0,37.93,700.0,2.03,22:57:01
71,53,32,48,19.06,0,37.93,700.0,2.03,22:57:09
71,53,32,48,19.06,0,37.93,1000.0,2.03,22:57:18
71,53,32,47,19.06,0,37.93,700.0,2.03,22:57:27
71,53,31,48,19.06,0,37.93,700.0,2.03,22:57:36
71,52,32,47,19.06,0,36.86,700.0,2.03,22:57:44
71,52,31,48,19.06,0,37.39,700.0,2.03,22:57:53
71,52,31,47,19.06,0,37.39,700.0,2.03,22:58:02
71,52,32,47,19.06,0,37.93,700.0,2.03,22:58:10
71,52,32,47,19.06,0,37.93,700.0,2.03,22:58:21
71,52,32,47,19.06,0,37.93,700.0,2.03,22:58:31
71,52,32,48,19.06,0,37.93,700.0,2.03,22:58:42
71,52,32,48,19.06,0,37.93,700.0,2.03,22:58:50
71,52,32,48,19.06,0,37.93,700.0,2.03,22:59:01
71,53,32,48,19.06,0,37.93,700.0,2.03,22:59:10
71,52,32,48,19.06,0,37.93,700.0,2.03,22:59:18
71,52,32,47,19.06,0,37.93,700.0,2.03,22:59:27
71,53,32,47,19.06,0,37.93,700.0,2.03,22:59:36
71,53,31,47,19.06,0,37.93,700.0,2.03,22:59:46
71,53,32,47,19.06,0,37.93,800.0,2.03,22:59:55
71,53,32,47,19.06,0,37.93,700.0,2.03,23:00:04
71,53,32,47,19.06,0,37.93,700.0,2.03,23:00:12
71,53,32,48,19.06,0,37.93,700.0,2.03,23:00:23
71,53,32,48,19.06,0,37.93,700.0,2.03,23:00:32
71,53,32,48,19.06,0,37.93,700.0,2.03,23:00:40
71,53,32,47,19.06,0,37.93,700.0,2.03,23:00:49
71,53,32,48,19.06,0,37.93,700.0,2.03,23:00:58
71,53,31,47,19.06,0,37.93,700.0,2.03,23:01:06
71,53,32,48,19.06,0,37.93,700.0,2.03,23:01:15
71,53,32,48,19.06,0,37.39,700.0,2.03,23:01:24
71,53,32,47,19.06,0,37.93,700.0,2.03,23:01:34
71,53,32,48,19.06,0,36.86,700.0,2.03,23:01:43
71,53,32,47,19.06,0,36.86,700.0,2.03,23:01:52
71,53,32,48,19.06,0,37.93,700.0,2.03,23:02:00
71,53,32,48,19.06,0,37.93,700.0,2.03,23:02:11
71,53,32,47,19.06,0,37.93,700.0,2.03,23:02:19
71,52,32,47,19.06,0,37.93,700.0,2.03,23:02:28
71,53,32,47,19.06,0,37.93,1000.0,2.03,23:02:37
71,53,32,48,19.06,0,37.93,700.0,2.03,23:02:46
71,53,32,47,19.06,0,37.93,700.0,2.03,23:02:54
71,53,31,47,19.06,0,37.93,700.0,2.03,23:03:03
71,53,32,47,19.06,0,37.39,700.0,2.03,23:03:12
71,53,31,47,19.06,0,37.93,700.0,2.03,23:03:20
71,53,32,47,19.06,0,37.93,700.0,2.03,23:03:29
71,53,31,47,19.06,0,37.39,700.0,2.03,23:03:38
71,53,32,47,19.06,0,37.39,700.0,2.03,23:03:49
71,53,31,47,19.06,0,37.93,700.0,2.03,23:03:57
71,53,31,47,19.06,0,37.93,700.0,2.03,23:04:06
71,53,32,47,19.06,0,37.39,700.0,2.03,23:04:15
71,52,31,47,19.06,0,37.93,700.0,2.03,23:04:23
71,53,31,47,19.06,0,37.39,700.0,2.03,23:04:32
71,53,32,47,19.06,0,37.93,700.0,2.03,23:04:43
71,53,31,47,19.06,0,37.93,700.0,2.03,23:04:51
71,53,32,47,19.06,0,37.93,700.0,2.03,23:05:00
71,53,32,47,19.06,0,38.47,700.0,2.03,23:05:10
71,52,31,47,19.06,0,37.93,700.0,2.03,23:05:19
71,53,31,47,19.06,0,37.93,700.0,2.03,23:05:28
71,52,31,47,19.06,0,37.93,700.0,2.03,23:05:37
71,53,31,47,19.06,0,38.47,1000.0,2.03,23:05:45
71,52,32,47,19.06,0,37.93,700.0,2.03,23:05:54
71,52,31,47,19.06,0,37.39,700.0,2.03,23:06:03
71,53,31,47,19.06,0,37.93,700.0,2.03,23:06:11
71,53,31,47,19.06,0,37.93,700.0,2.03,23:06:20
71,53,31,47,19.06,0,37.93,700.0,2.03,23:06:29
70,53,31,47,19.06,0,37.93,700.0,2.03,23:06:38
71,53,31,47,19.0,-1,37.93,700.0,2.03,23:06:46
71,53,32,47,19.06,0,37.93,700.0,2.03,23:06:57
71,53,32,47,19.06,0,37.93,700.0,2.03,23:07:06
71,53,32,47,19.06,0,37.93,700.0,2.03,23:07:16
70,53,32,47,19.06,0,37.39,700.0,2.03,23:07:25
71,53,32,47,19.06,-1,37.93,800.0,2.03,23:07:35
71,53,32,47,19.06,0,37.93,700.0,2.03,23:07:44
71,53,32,47,19.06,0,37.93,700.0,2.03,23:07:52
71,53,32,47,19.06,0,37.93,700.0,2.03,23:08:01
71,53,32,47,19.06,0,37.93,700.0,2.03,23:08:10
71,53,32,47,19.06,0,37.93,700.0,2.03,23:08:18
71,53,32,47,19.06,0,37.93,700.0,2.03,23:08:27
71,53,32,47,19.06,0,37.93,700.0,2.03,23:08:38
71,53,32,47,19.06,0,37.93,700.0,2.03,23:08:46
71,53,32,47,19.06,0,37.93,700.0,2.03,23:08:55
71,53,32,48,19.06,0,37.93,700.0,2.03,23:09:04
71,53,31,47,19.06,0,37.93,700.0,2.03,23:09:13
71,53,32,47,19.0,0,37.39,700.0,2.03,23:09:21
71,53,32,47,19.06,0,37.93,700.0,2.03,23:09:30
71,54,32,47,19.06,0,37.93,700.0,2.03,23:09:39
71,53,31,48,19.06,0,37.39,700.0,2.03,23:09:48
71,53,31,48,19.06,0,37.93,700.0,2.03,23:09:56
71,53,32,48,19.0,0,37.93,700.0,2.03,23:10:06
71,53,32,47,19.06,0,37.93,700.0,2.03,23:10:15
71,53,32,47,19.06,0,37.93,700.0,2.03,23:10:24
71,53,32,47,19.06,0,37.39,700.0,2.03,23:10:33
71,53,32,47,19.06,0,37.39,700.0,2.03,23:10:41
71,53,32,47,19.06,0,38.47,700.0,2.03,23:10:52
71,53,32,47,19.06,0,37.39,700.0,2.03,23:11:01
71,53,31,47,19.0,0,37.93,700.0,2.03,23:11:09
71,53,31,47,19.0,0,37.93,700.0,2.03,23:11:18
71,53,31,47,19.06,0,37.93,700.0,2.03,23:11:28
71,53,31,47,19.06,0,37.93,700.0,2.03,23:11:39
71,53,32,47,19.0,0,37.93,700.0,2.03,23:11:49
71,53,32,47,19.0,0,37.93,700.0,2.03,23:11:58
71,53,32,47,19.06,0,37.93,700.0,2.03,23:12:10
71,53,31,47,19.0,0,37.93,700.0,2.03,23:12:18
71,53,31,47,19.06,0,37.93,700.0,2.03,23:12:27
71,53,32,47,19.0,0,37.93,700.0,2.03,23:12:37
71,53,32,48,19.0,0,37.93,700.0,2.03,23:12:46
71,53,31,48,19.0,0,37.93,700.0,2.03,23:12:55
71,53,31,47,19.06,0,37.93,700.0,2.03,23:13:03
71,53,32,48,19.0,0,37.39,700.0,2.03,23:13:12
71,53,32,48,19.0,0,37.93,700.0,2.03,23:13:21
71,53,32,47,19.06,0,37.93,700.0,2.03,23:13:30
71,53,32,47,19.06,0,37.93,700.0,2.03,23:13:38
71,53,32,47,19.0,0,37.93,700.0,2.03,23:13:47
71,53,31,48,19.06,0,37.93,700.0,2.03,23:13:56
71,53,32,47,19.06,0,37.39,700.0,2.03,23:14:04
71,53,31,48,19.06,0,37.39,700.0,2.03,23:14:13
71,53,31,47,19.0,0,37.93,700.0,2.03,23:14:22
71,53,32,47,19.0,0,37.93,700.0,2.03,23:14:32
71,53,31,48,19.06,0,37.93,700.0,2.03,23:14:41
71,53,32,48,19.0,0,37.93,700.0,2.03,23:14:50
71,53,32,47,19.06,0,37.39,700.0,2.03,23:14:59
71,53,32,48,19.0,0,37.93,700.0,2.03,23:15:07
71,53,31,48,19.0,0,37.93,700.0,2.03,23:15:16
71,53,31,48,19.06,0,37.39,700.0,2.03,23:15:25
71,53,30,47,19.0,0,37.39,700.0,2.03,23:15:33
71,53,30,47,19.0,0,37.93,700.0,2.03,23:15:42
71,53,31,47,19.0,0,37.39,700.0,2.03,23:15:51
71,53,31,47,19.0,0,37.39,700.0,2.03,23:16:00
71,53,31,47,19.0,0,37.39,700.0,2.03,23:16:08
71,53,31,47,19.0,0,36.86,700.0,2.03,23:16:17
71,53,31,47,19.0,0,37.39,700.0,2.03,23:16:26
71,53,30,47,19.0,0,37.93,700.0,2.03,23:16:36
71,53,29,47,19.0,0,37.93,700.0,2.03,23:16:45
71,53,31,48,19.0,0,36.86,700.0,2.03,23:16:54
71,53,31,48,19.0,0,37.93,700.0,2.03,23:17:03
71,53,32,47,19.0,0,37.93,700.0,2.03,23:17:11
71,53,31,47,19.0,0,37.93,700.0,2.03,23:17:20
71,53,30,47,19.0,0,37.93,700.0,2.03,23:17:29
71,53,31,47,19.0,0,37.93,700.0,2.03,23:17:37
75,53,31,47,19.0,0,37.39,700.0,2.03,23:17:46
71,53,31,47,19.06,1,37.93,700.0,2.03,23:17:55
71,53,32,47,19.0,0,37.39,700.0,2.03,23:18:04
71,53,32,47,19.0,0,37.39,700.0,2.03,23:18:12
71,53,32,47,19.0,0,37.93,700.0,2.03,23:18:21
71,53,30,47,19.0,0,37.39,700.0,2.03,23:18:30
71,53,32,47,19.0,0,37.39,700.0,2.03,23:18:38
71,53,32,47,19.0,0,37.39,700.0,2.03,23:18:47
71,53,32,47,19.0,0,37.39,700.0,2.03,23:18:56
71,54,28,47,19.06,0,37.93,700.0,2.03,23:19:06
71,53,14,47,19.0,0,37.39,700.0,2.03,23:19:15
71,53,32,47,19.0,0,37.93,700.0,2.03,23:19:24
71,54,33,47,19.0,0,37.93,700.0,2.03,23:19:34
71,54,35,47,19.0,0,37.39,700.0,2.03,23:19:43
71,55,36,47,19.0,0,38.47,700.0,2.03,23:19:51
71,55,37,47,19.0,0,37.93,700.0,2.03,23:20:00
71,56,37,47,19.0,0,37.39,700.0,2.03,23:20:09
71,56,38,47,19.0,0,37.39,700.0,2.03,23:20:17
70,56,38,47,19.0,0,37.93,700.0,2.03,23:20:26
71,57,38,47,19.06,-1,37.93,700.0,2.03,23:20:35
70,58,39,47,19.0,0,37.93,700.0,2.03,23:20:43
70,58,39,47,19.0,-1,37.39,700.0,2.03,23:20:52
70,57,41,47,19.0,-1,37.93,700.0,2.03,23:21:01
70,58,41,48,19.0,-1,37.93,700.0,2.03,23:21:13
70,60,41,48,19.0,-1,37.93,700.0,2.03,23:21:22
70,60,40,48,19.0,-1,38.47,700.0,2.03,23:21:30
70,59,40,48,19.0,-1,37.93,700.0,2.03,23:21:39
70,59,40,47,19.0,-1,36.86,700.0,2.03,23:21:47
70,59,39,48,19.0,-1,37.93,700.0,2.03,23:21:58
70,59,39,48,19.0,-1,37.93,700.0,2.03,23:22:06
70,59,38,48,19.0,-1,37.93,700.0,2.03,23:22:15
70,58,38,48,19.0,-1,37.93,700.0,2.03,23:22:25
71,58,38,48,19.0,-1,37.93,700.0,2.03,23:22:38
70,58,38,48,19.0,0,37.93,700.0,2.03,23:22:46
71,56,38,48,19.0,-1,37.93,700.0,2.03,23:22:57
71,58,38,47,19.0,0,37.93,700.0,2.03,23:23:05
70,57,37,48,19.0,0,37.93,700.0,2.03,23:23:14
71,56,38,48,19.0,-1,37.39,700.0,2.03,23:23:23
71,57,37,48,19.0,0,37.93,700.0,2.03,23:23:31
71,57,37,47,19.0,0,37.93,700.0,2.03,23:23:40
70,56,37,47,19.0,0,37.93,700.0,2.03,23:23:49
71,56,36,48,19.0,-1,37.93,700.0,2.03,23:23:57
71,57,37,47,19.0,0,38.47,700.0,2.03,23:24:08
71,55,37,48,19.0,0,37.93,700.0,2.03,23:24:17
71,56,36,47,19.0,0,37.93,700.0,2.03,23:24:25
71,56,36,48,19.0,0,36.86,700.0,2.03,23:24:34
71,56,37,47,19.0,0,37.93,700.0,2.03,23:24:43
71,55,36,48,19.0,0,37.39,700.0,2.03,23:24:51
71,55,36,48,19.0,0,37.39,700.0,2.03,23:25:00
71,56,36,47,19.0,0,36.86,700.0,2.03,23:25:08
71,56,36,47,19.0,0,37.93,700.0,2.03,23:25:17
71,55,36,47,19.0,0,37.39,700.0,2.03,23:25:26
71,55,35,48,19.0,0,37.93,700.0,2.03,23:25:35
71,55,34,48,19.0,0,37.93,700.0,2.03,23:25:43
71,55,35,48,19.0,0,37.93,700.0,2.03,23:25:52
71,56,35,48,19.0,0,37.93,700.0,2.03,23:26:02
71,55,35,48,19.0,0,37.93,700.0,2.03,23:26:11
71,54,34,48,19.0,0,38.47,700.0,2.03,23:26:22
71,54,35,48,19.0,0,37.93,700.0,2.03,23:26:30
71,54,35,47,19.0,0,37.93,1000.0,2.03,23:26:41
71,54,35,47,19.0,0,37.93,700.0,2.03,23:26:49
71,53,34,47,19.0,0,37.39,700.0,2.03,23:26:58
71,55,34,47,19.0,0,37.93,700.0,2.03,23:27:07
71,54,35,47,19.0,0,37.93,700.0,2.03,23:27:15
71,54,35,48,19.0,0,37.93,700.0,2.03,23:27:24
71,54,35,47,19.0,0,37.93,700.0,2.03,23:27:33
71,55,35,48,19.0,0,37.93,700.0,2.03,23:27:41
71,54,34,47,19.0,0,37.39,700.0,2.03,23:27:50
71,54,33,47,19.0,0,37.39,700.0,2.03,23:27:59
71,55,33,47,19.0,0,37.93,700.0,2.03,23:28:07
71,54,34,48,19.0,0,37.93,700.0,2.03,23:28:16
71,53,35,48,19.0,0,37.93,700.0,2.03,23:28:25
71,54,35,47,19.0,0,37.93,700.0,2.03,23:28:33
71,53,35,48,19.0,0,37.93,700.0,2.03,23:28:44
71,53,34,47,19.0,0,37.93,700.0,2.03,23:28:52
71,53,34,48,19.0,0,37.39,700.0,2.03,23:29:01
71,53,33,48,19.0,0,37.93,700.0,2.03,23:29:10
71,54,33,47,19.0,0,37.39,700.0,2.03,23:29:19
71,53,34,48,19.0,0,37.93,700.0,2.03,23:29:27
71,53,34,48,19.0,0,37.39,700.0,2.03,23:29:36
71,54,34,48,19.0,0,37.93,700.0,2.03,23:29:45
71,54,34,47,19.0,0,37.93,800.0,2.03,23:29:55
71,54,34,47,19.0,0,37.93,700.0,2.03,23:30:04
71,53,33,47,19.0,0,36.86,700.0,2.03,23:30:13
71,54,33,48,19.0,0,37.39,700.0,2.03,23:30:21
71,54,33,47,19.0,0,37.93,700.0,2.03,23:30:30
71,53,32,47,19.0,0,36.86,700.0,2.03,23:30:39
71,53,33,48,19.0,0,36.86,700.0,2.03,23:30:47
71,53,32,47,19.0,0,37.39,700.0,2.03,23:30:56
71,53,33,47,19.0,0,37.93,700.0,2.03,23:31:05
71,53,33,48,19.0,0,37.39,700.0,2.03,23:31:14
71,53,33,48,19.0,0,37.93,700.0,2.03,23:31:22
71,53,33,47,19.0,0,37.39,700.0,2.03,23:31:31
71,53,33,48,19.0,0,37.93,700.0,2.03,23:31:40
71,53,34,47,19.0,0,37.93,700.0,2.03,23:31:48
71,53,33,48,19.0,0,37.39,700.0,2.03,23:31:57
71,53,33,48,19.0,0,36.86,700.0,2.03,23:32:06
71,53,33,47,19.0,0,37.39,700.0,2.03,23:32:15
71,53,33,47,19.0,0,37.39,700.0,2.03,23:32:23
71,53,32,47,19.0,0,37.93,700.0,2.03,23:32:34
71,53,32,48,19.0,0,37.93,700.0,2.03,23:32:42
71,53,45,48,19.0,0,37.93,700.0,2.03,23:32:53
71,53,32,48,19.0,0,37.93,700.0,2.03,23:33:02
71,53,32,47,19.0,0,37.93,700.0,2.03,23:33:12
71,53,32,47,19.0,0,37.39,700.0,2.03,23:33:21
71,53,33,48,19.0,0,37.93,700.0,2.03,23:33:30
71,53,32,47,19.0,0,37.93,700.0,2.03,23:33:38
71,53,32,47,19.0,0,37.93,700.0,2.03,23:33:47
71,53,32,47,19.0,0,37.93,700.0,2.03,23:33:56
71,53,33,47,19.0,0,37.93,700.0,2.03,23:34:04
71,53,33,47,19.0,0,37.39,700.0,2.03,23:34:13
71,53,33,47,19.0,0,36.86,700.0,2.03,23:34:22
71,53,33,47,19.0,0,37.39,700.0,2.03,23:34:30
71,53,33,47,19.0,0,37.93,700.0,2.03,23:34:39
71,53,33,47,19.0,0,36.86,700.0,2.03,23:34:48
71,53,33,48,19.0,0,37.39,700.0,2.03,23:34:57
71,53,33,48,19.0,0,36.86,700.0,2.03,23:35:05
71,53,34,48,19.0,0,36.86,700.0,2.03,23:35:14
71,53,33,47,19.0,0,37.39,700.0,2.03,23:35:23
71,53,33,47,19.0,0,37.93,700.0,2.03,23:35:32
71,53,33,47,19.0,0,37.93,700.0,2.03,23:35:40
77,53,33,48,19.0,0,37.93,700.0,2.03,23:35:51
71,52,33,47,19.0,1,37.93,700.0,2.03,23:35:59
71,53,33,47,19.0,0,37.93,700.0,2.03,23:36:08
71,53,33,47,19.0,0,37.39,700.0,2.03,23:36:17
71,53,33,47,19.0,0,37.93,700.0,2.03,23:36:26
71,53,32,47,19.0,0,37.93,700.0,2.03,23:36:36
71,53,32,48,19.0,0,38.47,700.0,2.03,23:36:45
71,53,32,47,19.0,0,37.93,700.0,2.03,23:36:53
71,53,31,47,19.0,0,37.39,700.0,2.03,23:37:02
71,53,32,47,19.0,0,37.93,700.0,2.03,23:37:12
71,53,32,47,19.0,0,37.93,700.0,2.03,23:37:21
71,53,32,47,19.0,0,37.39,800.0,2.03,23:37:30
71,52,31,47,19.0,0,36.86,700.0,2.03,23:37:38
71,52,31,47,19.0,0,37.93,700.0,2.03,23:37:47
71,53,31,47,19.0,0,37.93,700.0,2.03,23:37:58
71,53,31,47,19.0,0,37.93,700.0,2.03,23:38:06
71,53,31,47,19.0,0,37.93,700.0,2.03,23:38:17
71,53,32,47,19.0,0,37.93,700.0,2.03,23:38:26
71,53,31,47,19.0,0,37.93,700.0,2.03,23:38:34
71,53,31,47,19.0,0,37.93,700.0,2.03,23:38:43
71,52,32,47,19.0,0,37.93,700.0,2.03,23:38:54
71,53,31,47,19.0,0,37.93,700.0,2.03,23:39:02
71,53,32,47,19.0,0,37.93,700.0,2.03,23:39:13
71,53,32,47,19.0,0,37.93,700.0,2.03,23:39:21
71,53,32,47,19.0,0,38.47,700.0,2.03,23:39:30
71,53,33,47,19.0,0,37.93,700.0,2.03,23:39:41
71,53,33,47,19.0,0,38.47,700.0,2.03,23:39:49
71,53,33,47,19.0,0,37.39,700.0,2.03,23:39:58
71,53,33,47,19.0,0,37.93,700.0,2.03,23:40:10
71,53,32,47,19.0,0,38.47,700.0,2.03,23:40:21
71,53,32,47,19.0,0,37.93,700.0,2.03,23:40:29
71,53,32,48,19.0,0,37.93,700.0,2.03,23:40:38
71,53,33,48,19.0,0,38.47,700.0,2.03,23:40:47
71,53,32,48,19.0,0,37.93,700.0,2.03,23:40:57
71,53,33,47,19.0,0,37.93,700.0,2.03,23:41:06
71,52,33,47,19.0,0,37.93,700.0,2.03,23:41:14
71,52,33,47,19.0,0,37.93,700.0,2.03,23:41:23
71,52,33,47,19.0,0,38.47,700.0,2.03,23:41:34
71,52,32,47,19.0,0,37.93,700.0,2.03,23:41:42
70,53,32,47,19.0,0,37.93,700.0,2.03,23:41:51
71,53,32,47,19.0,-1,37.93,700.0,2.03,23:42:00
71,53,32,47,19.0,0,37.39,700.0,2.03,23:42:08
71,53,31,48,19.0,0,37.93,700.0,2.03,23:42:17
71,53,32,48,19.0,0,37.93,800.0,2.03,23:42:28
71,52,31,47,19.0,0,37.93,700.0,2.03,23:42:36
71,53,31,47,19.0,0,37.93,700.0,2.03,23:42:45
71,53,31,47,19.0,0,37.93,700.0,2.03,23:42:54
71,53,31,47,19.0,0,37.93,700.0,2.03,23:43:03
71,52,31,47,19.0,0,37.93,700.0,2.03,23:43:13
71,52,31,48,19.0,0,37.93,700.0,2.03,23:43:22
71,52,30,47,19.0,0,37.93,700.0,2.03,23:43:30
71,52,30,48,19.0,0,37.93,700.0,2.03,23:43:39
71,53,31,47,19.0,0,37.93,700.0,2.03,23:43:49
70,53,31,47,18.94,0,37.93,700.0,2.03,23:43:58
71,53,31,47,19.0,-1,36.86,700.0,2.03,23:44:07
71,53,31,47,19.0,0,37.93,700.0,2.03,23:44:16
71,53,31,48,19.0,0,37.93,700.0,2.03,23:44:24
71,53,31,47,19.0,0,37.39,700.0,2.03,23:44:33
71,53,31,47,19.0,0,36.86,700.0,2.03,23:44:42
71,52,31,47,19.0,0,37.93,700.0,2.03,23:44:50
71,53,31,48,19.0,0,37.93,700.0,2.03,23:44:59
71,52,31,48,19.0,0,37.93,700.0,2.03,23:45:08
71,52,31,48,19.0,0,37.93,700.0,2.03,23:45:17
71,52,31,47,19.0,0,37.93,700.0,2.03,23:45:25
71,52,31,47,19.0,0,36.86,700.0,2.03,23:45:34
71,52,31,47,19.0,0,36.86,700.0,2.03,23:45:43
70,52,31,48,19.0,0,36.86,700.0,2.03,23:45:52
70,52,31,48,19.0,-1,37.39,700.0,2.03,23:46:00
70,52,31,47,19.0,-1,37.39,700.0,2.03,23:46:11
71,52,31,48,18.94,-1,37.93,700.0,2.03,23:46:21
71,52,31,48,19.0,0,37.93,700.0,2.03,23:46:30
71,52,31,48,19.0,0,37.39,700.0,2.03,23:46:38
71,53,32,48,19.0,0,37.93,700.0,2.03,23:46:47
71,52,31,48,19.0,0,37.93,700.0,2.03,23:46:56
71,53,32,47,19.0,0,37.93,700.0,2.03,23:47:04
71,52,31,47,19.0,0,37.93,700.0,2.03,23:47:13
71,53,31,47,19.0,0,36.86,700.0,2.03,23:47:22
71,53,31,47,19.0,0,37.39,700.0,2.03,23:47:31
71,53,31,47,18.94,0,37.39,700.0,2.03,23:47:39
70,53,31,44,18.94,0,37.93,700.0,2.03,23:47:48
71,53,31,47,18.94,-1,36.86,700.0,2.03,23:47:57
71,52,31,47,19.0,0,37.93,700.0,2.03,23:48:05
71,53,31,47,18.94,0,38.47,700.0,2.03,23:48:14
71,53,31,47,19.0,0,37.93,700.0,2.03,23:48:25
71,53,31,48,19.0,0,37.93,700.0,2.03,23:48:33
71,53,32,47,19.0,0,36.86,700.0,2.03,23:48:42
70,53,32,47,19.0,0,37.93,700.0,2.03,23:48:51
71,52,31,47,18.94,-1,37.93,700.0,2.03,23:49:00
70,53,32,47,19.0,0,37.39,700.0,2.03,23:49:08
71,53,32,47,19.0,-1,36.86,700.0,2.03,23:49:17
71,53,32,48,19.0,0,36.86,700.0,2.03,23:49:26
71,52,32,47,18.94,0,37.39,700.0,2.03,23:49:34
71,53,32,47,18.94,0,37.39,700.0,2.03,23:49:43
71,53,32,47,18.94,0,36.86,700.0,2.03,23:49:52
71,53,32,47,19.0,0,36.86,700.0,2.03,23:50:01
71,52,32,47,19.0,0,37.93,700.0,2.03,23:50:11
71,52,32,48,19.0,0,37.93,700.0,2.03,23:50:20
71,53,32,48,18.94,0,37.39,700.0,2.03,23:50:28
71,52,32,47,19.0,0,37.93,700.0,2.03,23:50:37
71,52,32,47,18.94,0,37.39,700.0,2.03,23:50:46
71,52,32,48,18.94,0,37.39,700.0,2.03,23:50:55
71,52,32,48,19.0,0,37.93,700.0,2.03,23:51:03
71,52,32,48,18.94,0,37.39,700.0,2.03,23:51:12
71,52,32,48,18.94,0,36.86,700.0,2.03,23:51:21
71,52,31,47,18.94,0,37.39,700.0,2.03,23:51:30
71,52,32,47,19.0,0,37.93,700.0,2.03,23:51:40
71,52,32,48,18.94,0,37.93,700.0,2.03,23:51:49
71,52,31,47,18.94,0,37.93,700.0,2.03,23:51:57
71,53,31,48,18.94,0,37.93,700.0,2.03,23:52:06
71,53,32,47,19.0,0,37.93,700.0,2.03,23:52:15
71,52,32,47,18.94,0,37.39,700.0,2.03,23:52:24
71,53,32,47,19.0,0,37.39,700.0,2.03,23:52:32
71,53,31,47,18.94,0,37.39,700.0,2.03,23:52:41
71,52,32,47,19.0,0,37.39,700.0,2.03,23:52:50
71,52,32,47,18.94,0,37.93,700.0,2.03,23:52:58
71,52,32,48,18.94,0,36.86,700.0,2.03,23:53:07
71,52,32,48,18.94,0,36.86,700.0,2.03,23:53:16
71,52,32,47,19.0,0,37.39,700.0,2.03,23:53:25
71,52,32,47,18.94,0,37.39,700.0,2.03,23:53:33
71,52,32,47,18.94,0,37.39,700.0,2.03,23:53:42
71,52,32,47,18.94,0,37.39,700.0,2.03,23:53:53
71,52,32,47,18.94,0,37.93,700.0,2.03,23:54:01
71,52,32,47,18.94,0,37.93,700.0,2.03,23:54:10
71,52,32,48,18.94,0,37.93,700.0,2.03,23:54:19
71,52,33,47,18.94,0,37.93,700.0,2.03,23:54:29
71,52,32,48,18.94,0,37.39,700.0,2.03,23:54:38
71,52,32,47,18.94,0,37.39,700.0,2.03,23:54:47
71,52,32,47,18.94,0,37.93,700.0,2.03,23:54:56
71,52,33,48,19.0,0,37.39,700.0,2.03,23:55:04
71,52,32,49,18.94,0,37.39,700.0,2.03,23:55:13
71,52,32,47,18.94,0,37.93,700.0,2.03,23:55:22
71,52,32,47,18.94,0,36.86,700.0,2.03,23:55:30
71,52,32,47,19.0,0,37.39,700.0,2.03,23:55:39
71,52,32,47,18.94,0,37.39,700.0,2.03,23:55:48
71,52,32,48,18.94,0,36.86,700.0,2.03,23:55:57
71,52,32,47,18.94,0,37.93,700.0,2.03,23:56:05
71,52,32,47,18.94,0,36.86,700.0,2.03,23:56:14
71,52,32,47,18.94,0,37.39,700.0,2.03,23:56:23
71,53,31,47,18.94,0,36.86,700.0,2.03,23:56:32
71,52,32,47,18.94,0,37.93,700.0,2.03,23:56:40
71,52,32,47,18.94,0,37.93,700.0,2.03,23:56:49
71,52,32,47,18.94,0,37.39,700.0,2.03,23:56:58
71,52,32,48,18.94,0,36.86,700.0,2.03,23:57:06
71,52,32,47,18.94,0,37.39,700.0,2.03,23:57:15
71,52,31,47,18.94,0,36.86,700.0,2.03,23:57:24
71,52,32,47,19.0,0,36.86,700.0,2.03,23:57:33
71,52,32,48,18.94,0,36.86,700.0,2.03,23:57:41
71,52,32,48,18.94,0,37.93,800.0,2.03,23:57:50
71,52,32,47,18.94,0,37.93,700.0,2.03,23:57:59
71,52,32,48,18.94,0,36.86,700.0,2.03,23:58:07
71,52,32,48,18.94,0,37.93,700.0,2.03,23:58:18
71,52,31,47,18.94,0,37.93,700.0,2.03,23:58:27
71,52,33,47,18.94,0,37.93,700.0,2.03,23:58:35
71,52,32,47,18.94,0,37.39,700.0,2.03,23:58:44
71,52,32,47,18.94,0,37.39,700.0,2.03,23:58:53
71,52,32,48,18.94,0,37.93,700.0,2.03,23:59:01
71,52,32,47,18.94,0,37.39,700.0,2.03,23:59:10
71,52,32,47,18.94,0,37.93,700.0,2.03,23:59:21
71,52,32,47,18.94,0,37.39,700.0,2.03,23:59:29
71,52,32,47,18.94,0,37.39,700.0,2.03,23:59:38
71,52,32,47,18.94,0,37.39,700.0,2.03,23:59:47
71,52,32,47,18.94,0,37.39,700.0,2.03,23:59:56
